"external_gene_name","logFC_RNA","adj.P.Val_RNA","Probes","logFC_Meth","adj.P.Val_Meth","UCSC_RefGene_Group","pos"
"ADGRG1",1.93068514529263,0.0439061991428405,"cg09143377",-1.92567293135884,1.41897276454814e-05,"1stExon",57653939
"ADGRG1",1.93068514529263,0.0439061991428405,"cg14678981",-0.735518283125904,0.00112123399136296,"1stExon",57662244
"ADGRG1",1.93068514529263,0.0439061991428405,"cg16417703",0.524784276189624,0.00517231932501499,"5'UTR",57677240
"ADGRG1",1.93068514529263,0.0439061991428405,"cg01349792",0.720318960927715,0.000902933378354359,"TSS1500",57661517
"ADGRG1",1.93068514529263,0.0439061991428405,"cg13161534",0.657866222401336,0.000932664960396208,"5'UTR",57676816
"ADGRG1",1.93068514529263,0.0439061991428405,"cg02435350",-0.711029726285755,0.000534055847087229,"Body",57687984
"ADGRG1",1.93068514529263,0.0439061991428405,"cg16736382",-0.609274930529995,0.000922495475025327,"5'UTR",57680025
"ADGRG1",1.93068514529263,0.0439061991428405,"cg05413930",-0.713214008582236,0.00241755250107742,"5'UTR",57679735
"ADGRG1",1.93068514529263,0.0439061991428405,"cg16781480",-0.573218389789309,0.00444973298428689,"TSS1500",57653613
"ADGRG1",1.93068514529263,0.0439061991428405,"cg10985202",0.812829006070392,0.000371593729478542,"TSS1500",57661843
"ADGRG1",1.93068514529263,0.0439061991428405,"cg09806943",-0.818340308117241,0.000185819650166397,"5'UTR",57686553
"ADGRG1",1.93068514529263,0.0439061991428405,"cg03261737",-0.556868203486506,0.00523488287221423,"5'UTR",57666593
"ADGRG1",1.93068514529263,0.0439061991428405,"cg13406708",0.597437563480903,0.00452468267264675,"5'UTR",57667944
"ADGRG1",1.93068514529263,0.0439061991428405,"cg24851013",0.505908319840744,0.00300050881064999,"5'UTR",57670373
"ADRB2",-1.39670406518091,0.000107043132540386,"cg21580376",0.599977120494838,0.00105752496290939,"1stExon",148206412
"AFF2",-2.14697847911534,5.036823190076e-06,"cg10622126",0.734298390652381,0.000364829867907404,"Body",147598391
"AFF2",-2.14697847911534,5.036823190076e-06,"cg02502174",-0.538958608180803,0.0201212724982338,"Body",147803094
"AFF2",-2.14697847911534,5.036823190076e-06,"cg09645243",0.573957131048163,0.00427849937058255,"Body",147997139
"AFF2",-2.14697847911534,5.036823190076e-06,"cg14460919",0.854607384353614,0.000736196699734604,"Body",147612069
"AKR1C1",1.34257412368524,0.00782392981909982,"cg10409414",-1.86904459215052,4.49690219771814e-05,"TSS1500",5004324
"AKR1C1",1.34257412368524,0.00782392981909982,"cg07639198",-1.65805506072248,2.03893610395234e-05,"TSS1500",5004250
"AOC2",1.51457623564578,0.0321769820251811,"cg22530519",0.536885079722464,0.00695533879814107,"Body",41001849
"C16orf74",1.76177319850457,4.47446107649142e-06,"cg02320084",0.832951222131226,0.000424445804530187,"5'UTR",85769350
"C16orf74",1.76177319850457,4.47446107649142e-06,"cg15571108",0.525687697525379,0.0109002895698259,"Body",85743612
"C16orf74",1.76177319850457,4.47446107649142e-06,"cg15446115",0.863325292724184,0.000242852622406497,"Body",85743927
"C16orf74",1.76177319850457,4.47446107649142e-06,"cg18994909",0.847702811912724,0.000160208822552816,"Body",85764870
"C16orf74",1.76177319850457,4.47446107649142e-06,"cg02956768",1.01704602465713,0.000210386242424385,"5'UTR",85775119
"C16orf74",1.76177319850457,4.47446107649142e-06,"cg00803724",0.722474394801502,0.000413603616934734,"Body",85747514
"C16orf74",1.76177319850457,4.47446107649142e-06,"cg04468198",-0.792297532513051,0.000730181485207749,"TSS1500",85784951
"C16orf74",1.76177319850457,4.47446107649142e-06,"cg00063828",0.681147530711436,0.000994979770168364,"Body",85749496
"C16orf74",1.76177319850457,4.47446107649142e-06,"cg11222608",0.832572283358107,0.000726464315782886,"Body",85766837
"C16orf74",1.76177319850457,4.47446107649142e-06,"cg05399613",1.06045939656636,0.00011759469753084,"3'UTR",85741494
"C16orf74",1.76177319850457,4.47446107649142e-06,"cg02834449",0.558587290742434,0.00574318736573108,"TSS1500",85786110
"C16orf74",1.76177319850457,4.47446107649142e-06,"cg15531249",0.876616929962763,0.000784420463690783,"Body",85744077
"C16orf74",1.76177319850457,4.47446107649142e-06,"cg10611744",0.720059959046603,0.000817514040062077,"Body",85742499
"C16orf74",1.76177319850457,4.47446107649142e-06,"cg25714826",-0.87621283981696,0.000159365005968432,"5'UTR",85784062
"C16orf74",1.76177319850457,4.47446107649142e-06,"cg25232913",0.609120096666529,0.00197503847797851,"Body",85763467
"CACNB4",1.53507073304535,0.0178793643255742,"cg05565042",1.1455447014094,9.09317678394001e-05,"Body",152906817
"CACNB4",1.53507073304535,0.0178793643255742,"cg14177932",1.15244275449833,0.000432265227947844,"Body",152739960
"CACNB4",1.53507073304535,0.0178793643255742,"cg04168479",0.760103509950722,0.00188240814239526,"Body",152872424
"CACNB4",1.53507073304535,0.0178793643255742,"cg22717197",0.669877797609504,0.000925885648332919,"Body",152907710
"CACNB4",1.53507073304535,0.0178793643255742,"cg06950952",0.549500067252409,0.00491481623181398,"Body",152830189
"CACNB4",1.53507073304535,0.0178793643255742,"cg13052261",0.940745440317291,9.263588049052e-05,"Body",152706198
"CACNB4",1.53507073304535,0.0178793643255742,"cg01471066",0.696242279351431,0.00805056491117355,"Body",152697703
"CACNB4",1.53507073304535,0.0178793643255742,"cg18272264",-0.805159474891659,0.000361233262336687,"TSS1500",152956036
"CACNB4",1.53507073304535,0.0178793643255742,"cg06686709",0.679771734832034,0.00120477387931817,"Body",152830614
"CACNB4",1.53507073304535,0.0178793643255742,"cg09815363",1.06099004175625,7.6722185145842e-05,"Body",152748294
"CACNB4",1.53507073304535,0.0178793643255742,"cg00308618",1.34652441709258,4.21043468768201e-05,"Body",152831903
"CACNB4",1.53507073304535,0.0178793643255742,"cg09519684",0.66994420139632,0.000930526574339955,"Body",152889809
"CACNB4",1.53507073304535,0.0178793643255742,"cg14990366",0.575754673701379,0.003163234884039,"Body",152831129
"CACNB4",1.53507073304535,0.0178793643255742,"cg25486486",0.626015618387789,0.00215805788674047,"Body",152849907
"CACNB4",1.53507073304535,0.0178793643255742,"cg06645657",0.963893683435205,0.000103328009970801,"Body",152735816
"CACNB4",1.53507073304535,0.0178793643255742,"cg16805188",0.723129364856919,0.00426402223487787,"Body",152858262
"CACNB4",1.53507073304535,0.0178793643255742,"cg22701940",1.28833673251242,5.44144190658937e-05,"Body",152773518
"CACNB4",1.53507073304535,0.0178793643255742,"cg17014009",-1.1178069069091,9.9462817064638e-05,"Body",152954970
"CACNB4",1.53507073304535,0.0178793643255742,"cg12907983",0.662259102532471,0.00138935273927557,"Body",152954650
"CACNB4",1.53507073304535,0.0178793643255742,"cg04084481",0.514563595566394,0.00391756203793098,"Body",152810664
"CACNB4",1.53507073304535,0.0178793643255742,"cg23086750",-0.9500683519393,0.00356304300700098,"TSS1500",152955599
"CACNB4",1.53507073304535,0.0178793643255742,"cg26318022",0.738715351039621,0.00340951516110121,"Body",152717852
"CACNB4",1.53507073304535,0.0178793643255742,"cg23060456",-0.601844644658209,0.00207482192168804,"TSS1500",152956034
"CACNB4",1.53507073304535,0.0178793643255742,"cg12573935",0.528557254695452,0.00211983699916729,"TSS1500",152956094
"CACNB4",1.53507073304535,0.0178793643255742,"cg21376136",1.12621702600297,7.9619238166039e-05,"Body",152830572
"CACNB4",1.53507073304535,0.0178793643255742,"cg17308718",0.610150624742326,0.00779180582957073,"Body",152852642
"CACNB4",1.53507073304535,0.0178793643255742,"cg27664689",1.25989423397933,6.35063334128683e-05,"Body",152830665
"CACNB4",1.53507073304535,0.0178793643255742,"cg27397423",0.580845880481356,0.00152881641830352,"Body",152740431
"CACNB4",1.53507073304535,0.0178793643255742,"cg16062910",0.770800306193856,0.000238035927128804,"Body",152861022
"CACNB4",1.53507073304535,0.0178793643255742,"cg17062811",0.703329693974503,0.000555261903287197,"Body",152935083
"CACNB4",1.53507073304535,0.0178793643255742,"cg07526131",0.986797180284119,0.00789090357965005,"Body",152834018
"CACNB4",1.53507073304535,0.0178793643255742,"cg22159441",0.682333534045168,0.0051350596235938,"Body",152739855
"CACNB4",1.53507073304535,0.0178793643255742,"cg15476267",0.535245630422075,0.0471412293489127,"Body",152907998
"CACNB4",1.53507073304535,0.0178793643255742,"cg09886182",0.887683985555145,0.000265179483210726,"Body",152708499
"CACNB4",1.53507073304535,0.0178793643255742,"cg15014569",0.818611334136623,0.000224992388340971,"TSS1500",152831880
"CACNB4",1.53507073304535,0.0178793643255742,"cg17610518",0.677479995778403,0.00124643826836579,"Body",152709655
"CACNB4",1.53507073304535,0.0178793643255742,"cg24608236",0.630822721519902,0.00158038313939532,"TSS1500",152956745
"CACNB4",1.53507073304535,0.0178793643255742,"cg18334412",-0.563008992387242,0.0167474990605058,"1stExon",152955206
"CACNB4",1.53507073304535,0.0178793643255742,"cg22110047",1.21904298145268,9.79666972158527e-05,"Body",152780323
"CCBE1",-1.5146046177491,0.0142500838814666,"cg24012955",-1.00692953804027,0.000167163995473379,"Body",57331833
"CCBE1",-1.5146046177491,0.0142500838814666,"cg05400797",-1.1157194934742,7.63331100357489e-05,"Body",57121050
"CCBE1",-1.5146046177491,0.0142500838814666,"cg21641641",-0.951408994817155,0.000145315145432233,"Body",57113736
"CCBE1",-1.5146046177491,0.0142500838814666,"cg14645076",-0.577312535710482,0.0055857066740855,"Body",57178504
"CCBE1",-1.5146046177491,0.0142500838814666,"cg23978723",-0.73179828287101,0.00153959310869589,"Body",57122746
"CCBE1",-1.5146046177491,0.0142500838814666,"cg17319605",-0.515776548087845,0.00207199479268998,"Body",57217298
"CCBE1",-1.5146046177491,0.0142500838814666,"cg17738121",-0.60491002156433,0.000921625439672082,"Body",57169335
"CCBE1",-1.5146046177491,0.0142500838814666,"cg16435436",-0.718494784798689,0.000769313799218071,"Body",57230835
"CCBE1",-1.5146046177491,0.0142500838814666,"cg09623077",-0.761789463390989,0.00175055946784563,"Body",57298311
"CCBE1",-1.5146046177491,0.0142500838814666,"cg26685743",-0.676435551698633,0.00113789830658188,"Body",57108056
"CCBE1",-1.5146046177491,0.0142500838814666,"cg05800371",-0.738585443471617,0.000492312810780351,"Body",57125932
"CCBE1",-1.5146046177491,0.0142500838814666,"cg11243983",-0.948754196648724,0.000128372570543924,"Body",57214838
"CCBE1",-1.5146046177491,0.0142500838814666,"cg14919537",-1.06297053332726,0.000142064519840208,"Body",57327073
"CCBE1",-1.5146046177491,0.0142500838814666,"cg01990354",-0.716166089855859,0.00217990799407814,"Body",57300789
"CCBE1",-1.5146046177491,0.0142500838814666,"cg12785691",-0.872238754032744,0.000217453996802693,"Body",57146966
"CCBE1",-1.5146046177491,0.0142500838814666,"cg16272894",-0.832704422633349,0.000542438247488115,"Body",57138305
"CCBE1",-1.5146046177491,0.0142500838814666,"cg00493224",-1.13551075069271,0.000121957591281154,"Body",57318837
"CCBE1",-1.5146046177491,0.0142500838814666,"cg17255502",-1.07492330434116,8.61571373468312e-05,"Body",57271843
"CCBE1",-1.5146046177491,0.0142500838814666,"cg23383775",-0.81824824299098,0.000726830723690771,"Body",57333037
"CCBE1",-1.5146046177491,0.0142500838814666,"cg19246225",-1.02161452773004,0.000191269133856807,"Body",57126160
"CCBE1",-1.5146046177491,0.0142500838814666,"cg27561527",-0.661627895670792,0.000875735848845351,"Body",57314113
"CCDC80",-2.26688081977988,0.000107043132540386,"cg04132891",-0.597184716468812,0.00147698954632354,"Body",112351647
"CCDC80",-2.26688081977988,0.000107043132540386,"cg23451678",0.654397413636349,0.0496227141312595,"3'UTR",112323619
"CCDC80",-2.26688081977988,0.000107043132540386,"cg14292168",-0.651259903958998,0.00142734776177358,"Body",112348746
"CCDC80",-2.26688081977988,0.000107043132540386,"cg06258347",1.03405873569955,0.000179809160047406,"Body",112354835
"CDS1",1.6966491957775,0.0013998083171077,"cg17084361",-0.693485337300299,0.00322802772885907,"TSS1500",85503668
"CDS1",1.6966491957775,0.0013998083171077,"cg09370066",0.68075258110935,0.00103115707701191,"Body",85505304
"CFB",1.7723075834113,0.0364943560298279,"cg23346801",0.540339527535208,0.0069726835299199,"Body",31915104
"CLDN1",-1.51264151558554,5.72154700821588e-09,"cg15105660",0.512900058507561,0.00247666369412889,"1stExon",190039935
"CLDN1",-1.51264151558554,5.72154700821588e-09,"cg03601351",0.643896740955684,0.000692565721414291,"Body",190039021
"CLDN1",-1.51264151558554,5.72154700821588e-09,"cg00804587",0.934487593380128,0.000921679029637265,"Body",190038679
"COL17A1",2.08535469180547,4.25788920872709e-17,"cg18896796",-0.739837025331784,0.000796173458642402,"ExonBnd",105815760
"COL17A1",2.08535469180547,4.25788920872709e-17,"cg13553455",-1.29718998331049,0.000115987943627076,"TSS1500",105846002
"COL17A1",2.08535469180547,4.25788920872709e-17,"cg11978051",0.625312306525573,0.0020293005300383,"TSS1500",105846304
"COL17A1",2.08535469180547,4.25788920872709e-17,"cg01010403",0.753205334742784,0.000249919596215553,"Body",105802984
"COL17A1",2.08535469180547,4.25788920872709e-17,"cg13448625",-0.59034428857418,0.0085275926065101,"5'UTR",105845238
"COL17A1",2.08535469180547,4.25788920872709e-17,"cg19975645",0.569254280266475,0.0105742557160781,"Body",105806654
"COL17A1",2.08535469180547,4.25788920872709e-17,"cg09248766",-0.873437812087163,0.00021324171370377,"Body",105797590
"COL17A1",2.08535469180547,4.25788920872709e-17,"cg08509991",-1.24393706911153,0.000659075562290882,"TSS200",105845720
"COL17A1",2.08535469180547,4.25788920872709e-17,"cg02086114",0.563366774141693,0.00179677988332735,"Body",105834167
"COL17A1",2.08535469180547,4.25788920872709e-17,"cg15148363",0.579944560236538,0.0056724664106966,"Body",105825586
"CPA4",-2.19538065325153,0.0080724798984072,"cg19690404",0.958491612339399,0.000575662267196899,"Body",129933646
"CPA4",-2.19538065325153,0.0080724798984072,"cg05336633",-0.590924063678052,0.00282618574722308,"Body",129958858
"CRADD",1.27288566770656,0.047537550104614,"cg20204009",0.692846342783613,0.000607256414965244,"5'UTR",94071654
"CRADD",1.27288566770656,0.047537550104614,"cg14990842",0.657074964350287,0.00151049117475954,"Body",94203740
"CRADD",1.27288566770656,0.047537550104614,"cg21004565",0.742840643937988,0.00167884676674613,"TSS1500",94070475
"CRADD",1.27288566770656,0.047537550104614,"cg02179548",1.01148213443925,7.58009196752731e-05,"Body",94095207
"CRADD",1.27288566770656,0.047537550104614,"cg09631880",0.652275161509922,0.00081436487257848,"Body",94213192
"CRADD",1.27288566770656,0.047537550104614,"cg08732318",0.91410561914209,0.000278099483468872,"Body",94170683
"CRADD",1.27288566770656,0.047537550104614,"cg10946742",0.723036032021033,0.000766901006886516,"Body",94208017
"CRADD",1.27288566770656,0.047537550104614,"cg13570077",-0.765134197318226,0.002105609992069,"Body",94129543
"CRADD",1.27288566770656,0.047537550104614,"cg26515213",0.557542600009864,0.0132763407632927,"Body",94171127
"CRADD",1.27288566770656,0.047537550104614,"cg27430693",0.542589445240743,0.00283041779122708,"Body",94208276
"CSF1",-1.4049982802832,0.00911060869147691,"cg08122494",0.930458476193145,0.000563088383272117,"Body",110457360
"CSF1",-1.4049982802832,0.00911060869147691,"cg13740045",0.921254314301356,0.000170729537170843,"Body",110457411
"CSF1",-1.4049982802832,0.00911060869147691,"cg27603711",0.593845510149636,0.00226318881301005,"Body",110458183
"CSF1",-1.4049982802832,0.00911060869147691,"cg02361903",0.5889020433352,0.0010089310858156,"TSS1500",110452616
"CSF1",-1.4049982802832,0.00911060869147691,"cg19755069",0.747320984647608,0.000406196492535766,"3'UTR",110471519
"CSF3",2.02063835649876,6.51272662494889e-10,"cg15158608",-0.603598335085234,0.00240165049692192,"5'UTR",38171617
"CSF3",2.02063835649876,6.51272662494889e-10,"cg23207054",-0.518366996184353,0.00421951501415902,"TSS200",38171530
"DSP",1.92012472055926,1.92132847329363e-09,"cg13251891",-0.636878863948299,0.00428075762611163,"Body",7543091
"DSP",1.92012472055926,1.92132847329363e-09,"cg18798460",0.738133752397468,0.000579364790653703,"Body",7562156
"DSP",1.92012472055926,1.92132847329363e-09,"cg19708340",0.929313084536882,0.000209463095065542,"Body",7565681
"DSP",1.92012472055926,1.92132847329363e-09,"cg24485642",1.08299484337303,0.000102685737351951,"Body",7559675
"DSP",1.92012472055926,1.92132847329363e-09,"cg12817734",0.777951147209462,0.000880371119666347,"Body",7553835
"DSP",1.92012472055926,1.92132847329363e-09,"cg12011536",0.815466235811889,0.000602297553748133,"Body",7567096
"DSP",1.92012472055926,1.92132847329363e-09,"cg02789094",0.546819251464693,0.0170223838516939,"Body",7585711
"DYSF",2.08626150060891,0.0178793643255742,"cg27171156",0.759523741771015,0.00119316579247837,"Body",71698651
"DYSF",2.08626150060891,0.0178793643255742,"cg15574405",0.617013410254573,0.00113395201286678,"ExonBnd",71776472
"DYSF",2.08626150060891,0.0178793643255742,"cg16965027",0.551827456658449,0.00253082147123261,"TSS200",71680717
"DYSF",2.08626150060891,0.0178793643255742,"cg15712756",0.738611547113063,0.000681632127146959,"Body",71814626
"DYSF",2.08626150060891,0.0178793643255742,"cg09347135",0.66588720473647,0.00090580777466149,"Body",71890349
"DYSF",2.08626150060891,0.0178793643255742,"cg06814341",-0.919807802163523,0.00034121763450728,"TSS1500",71679501
"DYSF",2.08626150060891,0.0178793643255742,"cg11359198",0.585332698328713,0.0049787153026309,"Body",71762176
"DYSF",2.08626150060891,0.0178793643255742,"cg25300512",-0.792474066839204,0.000249286443126452,"Body",71801992
"DYSF",2.08626150060891,0.0178793643255742,"cg14122836",0.519417624898666,0.0276599368185284,"Body",71815722
"DYSF",2.08626150060891,0.0178793643255742,"cg16134262",0.554988011101106,0.00948495126450949,"Body",71788134
"DYSF",2.08626150060891,0.0178793643255742,"cg26787256",-0.834400414276291,0.00127972494616733,"Body",71695338
"DYSF",2.08626150060891,0.0178793643255742,"cg13282368",-0.603689392936779,0.00405691697307601,"Body",71758131
"EDN1",-1.45441957007543,4.35302206705549e-05,"cg27565517",0.542836742504624,0.00401425042818804,"Body",12292676
"EHF",3.3852676751268,3.13176087598377e-07,"cg18414381",-0.570823218404033,0.00412513171612571,"5'UTR",34642885
"EHF",3.3852676751268,3.13176087598377e-07,"cg19460095",0.595256956664431,0.00451532585272494,"Body",34672025
"EHF",3.3852676751268,3.13176087598377e-07,"cg13084525",-0.650544595769941,0.00175498689632582,"TSS1500",34642463
"EPHA3",-2.33036091909508,1.00128374514903e-06,"cg12351073",-0.665480207755796,0.00148561100360668,"Body",89312020
"EPHA3",-2.33036091909508,1.00128374514903e-06,"cg18055394",0.564728788953303,0.00610806802992222,"TSS200",89156478
"EPHA3",-2.33036091909508,1.00128374514903e-06,"cg05676541",-0.880379707301246,0.000127973530063442,"5'UTR",89156676
"EPHA3",-2.33036091909508,1.00128374514903e-06,"cg04238185",-0.62583023031531,0.00278712861460912,"Body",89164223
"F11R",4.24851026795136,6.51272662494889e-10,"cg10787292",-0.696333414305102,0.0014699905410452,"Body",160989907
"F11R",4.24851026795136,6.51272662494889e-10,"cg19284575",0.547406245480061,0.00670232931817512,"TSS200",160991224
"F11R",4.24851026795136,6.51272662494889e-10,"cg00945666",-0.535934154798779,0.0053551869844953,"Body",160990265
"FBXO6",1.40101182523556,0.0242323168643009,"cg24597705",-0.612298462676921,0.00216913822587448,"5'UTR",11724700
"GJB2",1.50690887623838,0.0314114881250041,"cg03689120",0.548825932224242,0.00731205134687685,"TSS200",20767179
"GJB2",1.50690887623838,0.0314114881250041,"cg07921371",0.59420664206876,0.00517846206866789,"TSS1500",20768536
"GJB2",1.50690887623838,0.0314114881250041,"cg04405176",0.797397446669119,0.000531614562545806,"5'UTR",20764687
"GJB2",1.50690887623838,0.0314114881250041,"cg10560060",-0.680599146045444,0.000950872840380743,"5'UTR",20764054
"GJB2",1.50690887623838,0.0314114881250041,"cg15335418",-0.54484116438086,0.00269746475678385,"TSS1500",20768389
"GJB2",1.50690887623838,0.0314114881250041,"cg27326226",-0.508056887404958,0.0161939369089557,"TSS1500",20767778
"GJB2",1.50690887623838,0.0314114881250041,"cg19037327",0.628804659099302,0.00440481159044624,"TSS1500",20767680
"GJB2",1.50690887623838,0.0314114881250041,"cg23486142",-0.869755933936246,0.00162404643127594,"TSS1500",20767607
"GJB3",2.42148810945576,3.33354429507164e-07,"cg13488851",0.537141082447743,0.00962785669928629,"TSS1500",35246223
"GJB3",2.42148810945576,3.33354429507164e-07,"cg04370730",0.54706188583355,0.00219622149003546,"1stExon",35247966
"GJB3",2.42148810945576,3.33354429507164e-07,"cg08650784",0.554547468089664,0.0144771342183706,"5'UTR",35250229
"GJB3",2.42148810945576,3.33354429507164e-07,"cg21353284",-0.570794405189548,0.00367470282121112,"5'UTR",35247792
"GLRX",1.29345533957077,0.00911060869147691,"cg11320332",0.734215235065063,0.00121136195123555,"TSS1500",95159127
"HOXB9",2.71277865101692,1.35687290198445e-05,"cg03697136",0.592448676337518,0.00123482892006611,"TSS200",46703879
"HOXB9",2.71277865101692,1.35687290198445e-05,"cg04917446",0.516320073882169,0.0200796868489358,"3'UTR",46699073
"HOXB9",2.71277865101692,1.35687290198445e-05,"cg07048527",0.719809641695148,0.00167560607628825,"Body",46700449
"HOXB9",2.71277865101692,1.35687290198445e-05,"cg01683971",0.636451058284704,0.000859325405334035,"Body",46700424
"IL1B",1.30055174407075,0.00692195714117548,"cg01290568",-0.709687178985254,0.00146725070522752,"5'UTR",113593859
"IL1B",1.30055174407075,0.00692195714117548,"cg07250315",-0.564649791110804,0.00182004255547545,"Body",113592034
"KCNMB4",2.15649560037745,0.0188926581642349,"cg02144579",-0.536982726440728,0.0108049653743006,"Body",70761235
"KIF21B",2.05322655468252,0.00202648502565759,"cg01651780",0.647682232178506,0.000982991974418645,"Body",200950393
"KIF21B",2.05322655468252,0.00202648502565759,"cg17889623",-0.781719687237201,0.000625639720844502,"Body",200990247
"KIF21B",2.05322655468252,0.00202648502565759,"cg08115330",-0.551468421446821,0.00128610449173562,"Body",200965253
"KIF21B",2.05322655468252,0.00202648502565759,"cg26800202",0.671953006122874,0.000834868566943975,"Body",200956326
"KIF21B",2.05322655468252,0.00202648502565759,"cg22786239",0.566752637349507,0.00786868716685468,"Body",200966330
"KIF21B",2.05322655468252,0.00202648502565759,"cg26228351",-0.879481662918789,0.000122763108363423,"5'UTR",200992656
"KIF21B",2.05322655468252,0.00202648502565759,"cg00433147",-0.506907744392364,0.016575652035367,"Body",200946575
"LAMB3",1.56218032907145,2.81946279977693e-09,"cg26533764",-0.709462034144932,0.00143545989670234,"1stExon",209825731
"LAMB3",1.56218032907145,2.81946279977693e-09,"cg14586941",0.706392804259609,0.000831074250490185,"TSS1500",209827055
"LAMB3",1.56218032907145,2.81946279977693e-09,"cg22502856",-0.657311540298734,0.00482554076842943,"TSS1500",209825678
"LAT2",1.72376332340331,0.0142053162167498,"cg22493372",0.583931965097036,0.00142839639046429,"Body",73631888
"LSR",3.1065281981681,2.37489570498612e-08,"cg15185001",-0.637919749371568,0.00252392264377092,"TSS200",35739448
"LSR",3.1065281981681,2.37489570498612e-08,"cg09521133",-0.544087091089735,0.00412355071898943,"TSS1500",35738738
"LSR",3.1065281981681,2.37489570498612e-08,"cg26195487",1.21828076251502,5.25912396561329e-05,"Body",35750940
"LSR",3.1065281981681,2.37489570498612e-08,"cg16654288",0.575930325630432,0.00127322444127617,"Body",35748789
"MAP7",4.32280827698938,1.10691354378303e-11,"cg15819153",-0.531935853231394,0.00592916376433526,"TSS1500",136789090
"MAP7",4.32280827698938,1.10691354378303e-11,"cg13211763",0.581369979908722,0.00322208155170806,"TSS200",136872097
"MAP7",4.32280827698938,1.10691354378303e-11,"cg13298953",-1.05037303108782,0.00015975391245044,"Body",136698507
"MAP7",4.32280827698938,1.10691354378303e-11,"cg12333210",0.55333237101923,0.0397220483568702,"Body",136685884
"MAP7",4.32280827698938,1.10691354378303e-11,"cg08905029",0.935901589204833,0.000840536390515751,"5'UTR",136847695
"MAP7",4.32280827698938,1.10691354378303e-11,"cg01644499",0.505171847021672,0.00261336751272411,"TSS1500",136847747
"MAP7",4.32280827698938,1.10691354378303e-11,"cg10913457",0.504421289721903,0.00880008113749034,"Body",136866285
"MAP7",4.32280827698938,1.10691354378303e-11,"cg21471225",0.560561006694649,0.0120852172193226,"TSS200",136788025
"MAP7",4.32280827698938,1.10691354378303e-11,"cg11114242",0.906833543844173,0.00016251824160214,"Body",136756541
"MAP7",4.32280827698938,1.10691354378303e-11,"cg22468751",0.630040636911449,0.00903573991398334,"Body",136824489
"MAP7",4.32280827698938,1.10691354378303e-11,"cg21282131",0.675264028408011,0.00111423086635252,"TSS200",136871907
"MAP7",4.32280827698938,1.10691354378303e-11,"cg21202558",0.568306434857142,0.00473839402458014,"Body",136666255
"NDRG1",1.31779219581086,2.91161525100514e-05,"cg00799984",0.739504175905862,0.000505385579578064,"5'UTR",134307105
"OASL",1.4823790906484,0.00874614786684545,"cg08120636",0.65107048136987,0.00291306891457374,"Body",121463842
"OASL",1.4823790906484,0.00874614786684545,"cg03636394",-0.750868726770885,0.000287240553370956,"TSS1500",121477854
"OLFML2A",-1.27935916038982,0.00171916791694479,"cg03218370",0.583010928522133,0.00192033927786208,"TSS1500",127539186
"OLFML2A",-1.27935916038982,0.00171916791694479,"cg00992055",0.55419710641646,0.00529498623622766,"Body",127571598
"PCDH9",-1.7558363458843,0.011466569111326,"cg26380711",0.595006622447145,0.00141038482821122,"Body",67233976
"PCDH9",-1.7558363458843,0.011466569111326,"cg26251599",0.82852882014163,0.000681687285604128,"Body",67722165
"PCDH9",-1.7558363458843,0.011466569111326,"cg15706776",0.569444053530471,0.00658356711736882,"Body",67374653
"PCDH9",-1.7558363458843,0.011466569111326,"cg09767524",1.06731899227852,0.000153715428282416,"Body",67622549
"PCDH9",-1.7558363458843,0.011466569111326,"cg27422141",1.0273721317066,9.09698425853066e-05,"5'UTR",67803251
"PCDH9",-1.7558363458843,0.011466569111326,"cg09526356",0.77667705172097,0.000625781863078524,"Body",67568473
"PCDH9",-1.7558363458843,0.011466569111326,"cg22069272",0.516657500589235,0.0137520327132861,"Body",67205408
"PCDH9",-1.7558363458843,0.011466569111326,"cg15671725",0.835349768007402,0.000485709203796041,"Body",67434423
"PCDH9",-1.7558363458843,0.011466569111326,"cg05835453",0.750084517686847,0.000683929925877861,"Body",66887909
"PCDH9",-1.7558363458843,0.011466569111326,"cg05308107",0.994399887008205,0.000103068376697365,"5'UTR",67802760
"PCDH9",-1.7558363458843,0.011466569111326,"cg16190857",-0.516389736683564,0.00369003522166074,"Body",67132823
"PI3",3.75629928738793,9.42883355338468e-13,"cg24476939",0.577489078523368,0.00247730397425892,"3'UTR",43804797
"PI3",3.75629928738793,9.42883355338468e-13,"cg18675416",0.843206100428826,0.000256039642723134,"TSS1500",43802104
"POPDC3",1.60668924464561,2.23637724701119e-07,"cg08281556",-0.620539166353997,0.0014516578169709,"TSS200",105628013
"POPDC3",1.60668924464561,2.23637724701119e-07,"cg13357482",-0.893859935177125,0.00088938397436926,"TSS200",105628017
"POPDC3",1.60668924464561,2.23637724701119e-07,"cg24989739",-0.85434983347728,0.000915979908850332,"TSS200",105628027
"POPDC3",1.60668924464561,2.23637724701119e-07,"cg04810065",-0.631151283208966,0.00232377255714056,"TSS200",105628000
"POPDC3",1.60668924464561,2.23637724701119e-07,"cg06577045",-0.772787684461357,0.00227700927507879,"TSS200",105628022
"POPDC3",1.60668924464561,2.23637724701119e-07,"cg14422660",-0.640519195945994,0.0325486043408308,"TSS200",105628044
"PPP1R3B",2.14555601670677,9.13785096582683e-05,"cg05806645",-0.645666759171906,0.00173338099386325,"TSS1500",9009352
"PPP1R3B",2.14555601670677,9.13785096582683e-05,"cg09774589",-0.763532486685051,0.000622626324868169,"TSS1500",9009347
"PRSS16",2.15347707542566,3.96076535016955e-07,"cg03099771",0.681634962220484,0.000618796355533544,"TSS200",27215365
"PRSS16",2.15347707542566,3.96076535016955e-07,"cg22612251",-0.554747538811775,0.00188240814239526,"TSS200",27215461
"PXYLP1",-2.14027645889727,0.000853732546246677,"cg18999382",0.534742982682505,0.0102069673315983,"5'UTR",140961035
"PXYLP1",-2.14027645889727,0.000853732546246677,"cg00114703",0.591628096365828,0.0012200236807032,"5'UTR",140980767
"PXYLP1",-2.14027645889727,0.000853732546246677,"cg08871657",0.590487070869296,0.00154015344754848,"Body",140997743
"RAB11FIP4",2.52176784927517,0.00225777428867017,"cg15209998",0.503324284785554,0.00446125899987382,"Body",29837057
"RAB11FIP4",2.52176784927517,0.00225777428867017,"cg16779580",0.873265880137465,0.000438171682907162,"Body",29740988
"RAB11FIP4",2.52176784927517,0.00225777428867017,"cg13407558",-0.752611845706185,0.000593277969951176,"Body",29821502
"RAB11FIP4",2.52176784927517,0.00225777428867017,"cg20447082",-0.592567660201315,0.00148424844956751,"Body",29727858
"RAB11FIP4",2.52176784927517,0.00225777428867017,"cg10729644",-1.03435230102252,7.07099671452192e-05,"Body",29731476
"RAB11FIP4",2.52176784927517,0.00225777428867017,"cg15945799",0.674559469987828,0.000640206652363585,"Body",29785407
"RAB11FIP4",2.52176784927517,0.00225777428867017,"cg17833066",-0.552102308892773,0.00585223070407212,"Body",29836341
"RAB11FIP4",2.52176784927517,0.00225777428867017,"cg01373258",0.502661522229544,0.00503882444936692,"3'UTR",29861834
"RAB11FIP4",2.52176784927517,0.00225777428867017,"cg00632256",-0.613961136722637,0.00671094301945541,"Body",29775957
"RAB11FIP4",2.52176784927517,0.00225777428867017,"cg02112893",-0.879276065077931,0.000393604714033045,"TSS1500",29718165
"RAB11FIP4",2.52176784927517,0.00225777428867017,"cg12419135",-0.682372732191937,0.00194091758599357,"1stExon",29719023
"RIMS2",1.60906927343119,0.0331434187142891,"cg22649534",1.0375041774067,0.000111584819710463,"TSS1500",105235265
"RIMS2",1.60906927343119,0.0331434187142891,"cg14750367",0.532861620754442,0.00390759522215659,"Body",105257227
"RIMS2",1.60906927343119,0.0331434187142891,"cg20129213",-1.3987192361689,6.80723849413566e-05,"TSS1500",104512317
"RIMS2",1.60906927343119,0.0331434187142891,"cg00045712",0.845560559207551,0.00019091371130773,"Body",105211762
"RIMS2",1.60906927343119,0.0331434187142891,"cg25744484",-0.847182876214737,0.00325161930519677,"TSS200",104512877
"RIMS2",1.60906927343119,0.0331434187142891,"cg12396325",-0.513501623119588,0.00758786527689284,"Body",105235606
"RIMS2",1.60906927343119,0.0331434187142891,"cg18218371",-1.01463345539606,0.00014270119539484,"5'UTR",104513043
"RIMS2",1.60906927343119,0.0331434187142891,"cg18603434",-0.563345044623587,0.0143661397108394,"TSS1500",104512506
"RIMS2",1.60906927343119,0.0331434187142891,"cg26186392",0.604886701142048,0.00741371984513738,"Body",104605535
"RIMS2",1.60906927343119,0.0331434187142891,"cg21957720",0.501345243621687,0.00604230367908891,"Body",104719943
"RIMS2",1.60906927343119,0.0331434187142891,"cg13342717",0.778444970142441,0.0015521383246177,"Body",104556576
"RIMS2",1.60906927343119,0.0331434187142891,"cg01482645",-0.884753231846835,0.00154361129239757,"5'UTR",104513024
"RIMS2",1.60906927343119,0.0331434187142891,"cg17303577",-0.513516792113147,0.00860166697319434,"5'UTR",104831527
"S100A4",-1.65714609303364,0.00177547162816388,"cg01411912",0.842499414775787,0.000291086488229909,"Body",153517265
"S100A4",-1.65714609303364,0.00177547162816388,"cg24691453",0.818323601888965,0.000636576388363571,"TSS200",153518384
"S100P",2.20171427106326,6.68423325349359e-06,"cg02104700",-0.782352171233417,0.00106327705089569,"Body",6698168
"S100P",2.20171427106326,6.68423325349359e-06,"cg22266967",0.565061953413551,0.00244637422523972,"1stExon",6695698
"SAA1",1.38616969836511,1.70498042020976e-08,"cg06522679",0.570231337227789,0.00875766962460951,"TSS1500",18287231
"SERINC2",1.83828777569152,6.51272662494889e-10,"cg14781190",0.766333846317045,0.000336566939231384,"TSS200",31885823
"SERINC2",1.83828777569152,6.51272662494889e-10,"cg25342674",0.681204409497857,0.00122661333491091,"TSS1500",31881983
"SERINC2",1.83828777569152,6.51272662494889e-10,"cg17822325",0.675282754396753,0.00656140256217082,"Body",31896462
"SERINC2",1.83828777569152,6.51272662494889e-10,"cg03662532",0.628845125021887,0.00119360512769749,"TSS1500",31882150
"SERINC2",1.83828777569152,6.51272662494889e-10,"cg17042125",0.747630358260209,0.000968028546283698,"TSS1500",31882443
"SLCO4A1",1.16915289165767,0.0080724798984072,"cg10941180",-0.669881415958546,0.000514051644116473,"5'UTR",61274684
"SLCO4A1",1.16915289165767,0.0080724798984072,"cg03722506",-0.521579775018028,0.00976785804046697,"5'UTR",61276134
"SLCO4A1",1.16915289165767,0.0080724798984072,"cg04011829",-1.33010913863672,4.49690219771814e-05,"5'UTR",61275033
"SLCO4A1",1.16915289165767,0.0080724798984072,"cg16180531",-0.503306374245883,0.0184819139805519,"TSS1500",61273312
"SNX10",1.26948236455314,0.0150742828394516,"cg13069353",0.636081420309753,0.00903951291645104,"Body",26388860
"SNX10",1.26948236455314,0.0150742828394516,"cg02308140",0.960934576592251,0.000612199358653768,"1stExon",26400616
"SNX10",1.26948236455314,0.0150742828394516,"cg04554381",0.641828324825147,0.00140149716029127,"Body",26409528
"SNX10",1.26948236455314,0.0150742828394516,"cg09738074",0.560677148314896,0.00439293646814101,"Body",26392661
"TC2N",2.08710151722137,0.00911060869147691,"cg01624197",0.605269960778448,0.00400105714098574,"Body",92252480
"TC2N",2.08710151722137,0.00911060869147691,"cg25729068",-0.567706103932982,0.0187706560891991,"TSS1500",92303235
"TC2N",2.08710151722137,0.00911060869147691,"cg22815785",-0.563599924205719,0.00163646017728068,"TSS200",92303034
"TC2N",2.08710151722137,0.00911060869147691,"cg19873923",0.572754078599608,0.00353398415659613,"5'UTR",92301922
"TC2N",2.08710151722137,0.00911060869147691,"cg03022926",0.938870695568565,0.00131346868212872,"3'UTR",92248966
"TC2N",2.08710151722137,0.00911060869147691,"cg04794141",0.502224165548005,0.0106559130611542,"5'UTR",92325159
"TC2N",2.08710151722137,0.00911060869147691,"cg27292977",0.806594637588791,0.000652484865501367,"5'UTR",92305602
"TC2N",2.08710151722137,0.00911060869147691,"cg06235115",1.16884316908511,9.15589601965226e-05,"5'UTR",92324826
"TESK2",1.94138606831916,0.0248516100388338,"cg08574774",-0.534104334837684,0.00948869463286681,"Body",45895320
"TESK2",1.94138606831916,0.0248516100388338,"cg16659614",0.707713878256769,0.00788158579432009,"Body",45865936
"TESK2",1.94138606831916,0.0248516100388338,"cg00566999",0.635154075954173,0.00113665492265553,"5'UTR",45955733
"TM4SF1",-1.44590084454083,0.0246665935812773,"cg02857726",0.58448328080185,0.00910844377012287,"Body",149088388
"TMC6",1.94010086039876,0.0156394885887969,"cg06788816",-0.587073534523409,0.00205590671917051,"5'UTR",76124340
"TMC6",1.94010086039876,0.0156394885887969,"cg11464572",0.731447588480019,0.000423396304224378,"Body",76116165
"TMC6",1.94010086039876,0.0156394885887969,"cg11962479",0.600521071128691,0.00409049353704991,"5'UTR",76126032
"TNFRSF10D",1.42204381282756,7.61637797319815e-08,"cg10346416",-0.595113803659753,0.0014500207029974,"Body",23020294
"TNS4",2.05372096413818,6.69098352671876e-05,"cg21937431",0.543359692609387,0.0102393875865842,"TSS1500",38658096
"TNS4",2.05372096413818,6.69098352671876e-05,"cg00979803",-0.598587271388266,0.00513605843787908,"Body",38646740
"TNS4",2.05372096413818,6.69098352671876e-05,"cg08074477",-0.656288080235626,0.00196874506677438,"TSS200",38657949
"TSPAN13",1.7202582027515,3.50303541158811e-08,"cg25920734",0.531620084759932,0.0202175794905826,"Body",16815335
"VLDLR",2.28142299396214,0.000686433454648448,"cg05523047",0.977773598990909,0.000170301409285495,"TSS1500",2621379
"WNT7B",2.94710126545992,3.45192066112774e-08,"cg10707509",0.524619424926515,0.01539055700986,"Body",46368838
"WNT7B",2.94710126545992,3.45192066112774e-08,"cg00949386",0.587266761692215,0.00314051934419378,"Body",46326026
"WNT7B",2.94710126545992,3.45192066112774e-08,"cg21447167",0.638691744489167,0.00223890131053612,"Body",46364407
"WNT7B",2.94710126545992,3.45192066112774e-08,"cg22216015",-0.587912380783898,0.00672910826735053,"Body",46372098
"WNT7B",2.94710126545992,3.45192066112774e-08,"cg05275149",-0.565649624569089,0.00410698093976594,"Body",46372001
"WNT7B",2.94710126545992,3.45192066112774e-08,"cg18338288",0.614466266081375,0.0166793367473111,"Body",46318879
"WNT7B",2.94710126545992,3.45192066112774e-08,"cg21104946",-0.672751536957743,0.0011856913591615,"TSS1500",46373530
"WNT7B",2.94710126545992,3.45192066112774e-08,"cg17179568",-1.01957594313265,0.000125173965320938,"5'UTR",46372742
"WNT7B",2.94710126545992,3.45192066112774e-08,"cg14220029",-0.543737563144377,0.00220439126241703,"Body",46365271
"ZEB1",-5.73084308237971,8.39280693311471e-15,"cg26365110",-1.00470534308351,0.000193038956631863,"Body",31709144
"ZEB1",-5.73084308237971,8.39280693311471e-15,"cg06637963",1.58554532282593,3.26222752910623e-05,"Body",31608188
"ZEB1",-5.73084308237971,8.39280693311471e-15,"cg01267522",0.514269028028526,0.0137816612928553,"Body",31608548
"ZEB1",-5.73084308237971,8.39280693311471e-15,"cg16666675",-0.640651865944264,0.00232582367544029,"Body",31663016
"ZEB1",-5.73084308237971,8.39280693311471e-15,"cg04116155",-0.997170769169526,0.000179839930212454,"Body",31612795
"ZEB1",-5.73084308237971,8.39280693311471e-15,"cg07137701",-0.811759542531842,0.00108853641186862,"Body",31611868
"ZEB1",-5.73084308237971,8.39280693311471e-15,"cg18516609",-0.588055901264716,0.0116534071837178,"Body",31747241
"ZEB1",-5.73084308237971,8.39280693311471e-15,"cg02639390",-0.673677647504289,0.000743546191543282,"3'UTR",31816880
"ZEB1",-5.73084308237971,8.39280693311471e-15,"cg13329012",-0.973177333030612,0.000475097349617387,"Body",31780609
"ZEB1",-5.73084308237971,8.39280693311471e-15,"cg13303654",-0.661361116273559,0.00115981164196815,"Body",31610754
"ZEB1",-5.73084308237971,8.39280693311471e-15,"cg02156314",-0.656448875607365,0.0349146841685103,"TSS200",31607685
"ZEB1",-5.73084308237971,8.39280693311471e-15,"cg09010998",1.08588827670911,0.000360711962181343,"Body",31608207
"ZEB1",-5.73084308237971,8.39280693311471e-15,"cg22736757",-0.942943907751997,0.000597059486372082,"Body",31635300
"ZEB1",-5.73084308237971,8.39280693311471e-15,"cg11799172",0.632863149654763,0.00211216887920874,"TSS1500",31607441
"ZEB1",-5.73084308237971,8.39280693311471e-15,"cg16559010",-1.79385414868313,6.3272717623206e-05,"Body",31682869
"ZEB1",-5.73084308237971,8.39280693311471e-15,"cg09893350",-1.18363162224419,5.94013976971581e-05,"Body",31805747
"ZEB1",-5.73084308237971,8.39280693311471e-15,"cg14794866",-2.27770774836887,1.41897276454814e-05,"Body",31772744
"ZEB1",-5.73084308237971,8.39280693311471e-15,"cg00287809",-1.01408535639236,0.000199472823522446,"Body",31649294
"ZEB1",-5.73084308237971,8.39280693311471e-15,"cg05346139",-0.937600148510785,0.000259338850337132,"Body",31676355
"ZEB1",-5.73084308237971,8.39280693311471e-15,"cg19581876",-0.556000165011454,0.00678841098888901,"Body",31630408
"ZEB1",-5.73084308237971,8.39280693311471e-15,"cg04623172",0.561132101747603,0.00280895661432668,"TSS1500",31607306
"ZEB1",-5.73084308237971,8.39280693311471e-15,"cg14784699",0.827068418097985,0.000399251369878221,"TSS1500",31607330
"ZNF10",3.53814032999881,4.96379597739656e-13,"cg05336067",0.71196172181767,0.00167398754421762,"3'UTR",133735894
"ZNF10",3.53814032999881,4.96379597739656e-13,"cg15766041",0.595269626185346,0.0025835814740246,"5'UTR",133719448
"ZNF10",3.53814032999881,4.96379597739656e-13,"cg15085433",0.537148351704958,0.00311215801591711,"Body",133727549
