	Epithelial Score	Mesenchymal Score
TCGA-3C-AAAU-01A-11R-A41B-07	0.2344854145063877	0.05814180925472401
TCGA-3C-AALI-01A-11R-A41B-07	0.2927882921607886	0.13610974560307443
TCGA-3C-AALJ-01A-31R-A41B-07	0.21701826993208895	0.16371173608777811
TCGA-3C-AALK-01A-11R-A41B-07	0.27616303189559943	0.20549368888322517
TCGA-4H-AAAK-01A-12R-A41B-07	0.2313715720256354	0.2180088633099495
TCGA-5L-AAT0-01A-12R-A41B-07	0.22200050478305833	0.20839947352101895
TCGA-5L-AAT1-01A-12R-A41B-07	0.24074872099180755	0.211435284982865
TCGA-5T-A9QA-01A-11R-A41B-07	0.3118849042497781	-0.03597871857268331
TCGA-A1-A0SB-01A-11R-A144-07	0.16506036762281495	0.16997488000302285
TCGA-A1-A0SD-01A-11R-A115-07	0.2589734745625395	0.2096167616800948
TCGA-A1-A0SE-01A-11R-A084-07	0.24455718318889963	0.1901705277718404
TCGA-A1-A0SF-01A-11R-A144-07	0.26335796286586455	0.18779040713213802
TCGA-A1-A0SG-01A-11R-A144-07	0.2552970726492292	0.1815191133874655
TCGA-A1-A0SH-01A-11R-A084-07	0.23143108603510287	0.26875859205028585
TCGA-A1-A0SI-01A-11R-A144-07	0.25129182325294885	0.24095470806384878
TCGA-A1-A0SJ-01A-11R-A084-07	0.23884166623587788	0.20341955729385652
TCGA-A1-A0SK-01A-12R-A084-07	0.14169308234349653	0.07278520050247406
TCGA-A1-A0SM-01A-11R-A084-07	0.2878481949661573	0.20008887018544197
TCGA-A1-A0SN-01A-11R-A144-07	0.27878251712982616	0.1886298395631988
TCGA-A1-A0SO-01A-22R-A084-07	0.1493256454554972	0.05285294040289057
TCGA-A1-A0SP-01A-11R-A084-07	0.17065425010393231	0.17702300067087906
TCGA-A1-A0SQ-01A-21R-A144-07	0.2746921236032127	0.11875690651738158
TCGA-A2-A04N-01A-11R-A115-07	0.24922056195994835	0.19705268827680378
TCGA-A2-A04P-01A-31R-A034-07	0.18876518856166802	0.1794527611807325
TCGA-A2-A04Q-01A-21R-A034-07	0.15535828085312686	0.22794202359523807
TCGA-A2-A04R-01A-41R-A109-07	0.25243084320056786	0.13170846726528396
TCGA-A2-A04T-01A-21R-A034-07	0.1435193370573754	0.1391948264882793
TCGA-A2-A04U-01A-11R-A115-07	0.1341582612178478	0.12292554426968816
TCGA-A2-A04V-01A-21R-A034-07	0.21103993563798806	0.18816937420052948
TCGA-A2-A04W-01A-31R-A115-07	0.29714410948145054	0.18005510766480348
TCGA-A2-A04X-01A-21R-A034-07	0.268887987249232	0.1303959742806201
TCGA-A2-A04Y-01A-21R-A034-07	0.2410945104190786	0.1534307262646405
TCGA-A2-A0CK-01A-11R-A22K-07	0.2272772688195679	0.17838624486607058
TCGA-A2-A0CL-01A-11R-A115-07	0.15117362061078754	0.26086659358986275
TCGA-A2-A0CM-01A-31R-A034-07	0.1483021782561874	0.19549718219647538
TCGA-A2-A0CO-01A-13R-A22K-07	0.24249374125480727	0.25829495195860785
TCGA-A2-A0CP-01A-11R-A034-07	0.2119170070621843	0.2314305210371177
TCGA-A2-A0CQ-01A-21R-A034-07	0.25718327578140376	0.09271783104884967
TCGA-A2-A0CR-01A-11R-A22K-07	0.20120882944631557	0.22446834402504512
TCGA-A2-A0CS-01A-11R-A115-07	0.2567614648091924	0.15184780712169144
TCGA-A2-A0CT-01A-31R-A056-07	0.23962229890020714	0.12009421943712095
TCGA-A2-A0CU-01A-12R-A034-07	0.24916973612704552	0.15183187790962804
TCGA-A2-A0CV-01A-31R-A115-07	0.2535902803631137	0.21669933389962293
TCGA-A2-A0CW-01A-21R-A115-07	0.28323781407215265	0.06440680540392962
TCGA-A2-A0CX-01A-21R-A00Z-07	0.24111927172228764	0.19767096397293815
TCGA-A2-A0CY-01A-12R-A034-07	0.29386171637534486	0.05280441187311602
TCGA-A2-A0CZ-01A-11R-A034-07	0.19026780869851545	0.27210224479642653
TCGA-A2-A0D0-01A-11R-A00Z-07	0.14778696938590663	0.09963073863756344
TCGA-A2-A0D1-01A-11R-A034-07	0.21174758761917456	0.08737265428460605
TCGA-A2-A0D2-01A-21R-A034-07	0.1454298670839308	0.1752585625997659
TCGA-A2-A0D3-01A-11R-A115-07	0.2759592941551595	0.0976184716624875
TCGA-A2-A0D4-01A-11R-A00Z-07	0.27799710596838634	0.0866999229100226
TCGA-A2-A0EM-01A-11R-A034-07	0.2305474984784831	0.17364156235193706
TCGA-A2-A0EN-01A-13R-A084-07	0.21432667283237594	0.261363733184957
TCGA-A2-A0EO-01A-11R-A034-07	0.23747675369757937	0.2522370355662261
TCGA-A2-A0EP-01A-52R-A22U-07	0.15968542719112555	0.3096699948841297
TCGA-A2-A0EQ-01A-11R-A034-07	0.18831296897148064	0.1651131363025632
TCGA-A2-A0ER-01A-21R-A034-07	0.2691503701814829	0.10256060231684838
TCGA-A2-A0ES-01A-11R-A115-07	0.2383829305132671	0.24984839465030384
TCGA-A2-A0ET-01A-31R-A034-07	0.2109530538723421	0.0448212835018188
TCGA-A2-A0EU-01A-22R-A056-07	0.2600938149305445	0.13020926909736563
TCGA-A2-A0EV-01A-11R-A034-07	0.2517614191962655	0.19651850400249238
TCGA-A2-A0EW-01A-21R-A115-07	0.21726718619066454	0.2704504225501335
TCGA-A2-A0EX-01A-21R-A034-07	0.24141684176962508	0.2361707581897451
TCGA-A2-A0EY-01A-11R-A034-07	0.2643036708849211	0.15705814125358453
TCGA-A2-A0ST-01A-12R-A084-07	0.15405635759492164	0.21143121006815113
TCGA-A2-A0SU-01A-11R-A084-07	0.2547679626964451	0.18143094705092866
TCGA-A2-A0SV-01A-11R-A084-07	0.24486474463928642	0.1853662033241672
TCGA-A2-A0SW-01A-11R-A084-07	0.2773155185168935	0.17977134542200002
TCGA-A2-A0SX-01A-12R-A084-07	0.1639395928459817	0.2439719971860862
TCGA-A2-A0SY-01A-31R-A084-07	0.21995530801975172	0.24109658918525045
TCGA-A2-A0T0-01A-22R-A084-07	0.20269233559472088	0.16137755085030503
TCGA-A2-A0T1-01A-21R-A084-07	0.23856190695049784	0.23390843962995322
TCGA-A2-A0T2-01A-11R-A084-07	0.20664762797575476	0.12608656674728824
TCGA-A2-A0T3-01A-21R-A115-07	0.27421601152747266	0.12386610867501191
TCGA-A2-A0T4-01A-31R-A084-07	0.24151936225308746	0.24079208192208534
TCGA-A2-A0T5-01A-21R-A084-07	0.26153431460495513	0.16197174750494825
TCGA-A2-A0T6-01A-11R-A084-07	0.20120405094920502	0.28206281814433576
TCGA-A2-A0T7-01A-21R-A084-07	0.2465663240194632	0.20879881516297993
TCGA-A2-A0YC-01A-11R-A109-07	0.24103369318312629	0.16006468741884894
TCGA-A2-A0YD-01A-11R-A109-07	0.23659360054978773	0.25915068404852404
TCGA-A2-A0YE-01A-11R-A109-07	0.16338702481647316	0.15936157940730733
TCGA-A2-A0YF-01A-21R-A109-07	0.30055421878305577	0.1269515600070088
TCGA-A2-A0YG-01A-21R-A109-07	0.27541802075518496	0.11112236857751767
TCGA-A2-A0YH-01A-11R-A109-07	0.23247844571996523	0.20870435123097608
TCGA-A2-A0YI-01A-31R-A10J-07	0.25044993894383916	0.21584063823536925
TCGA-A2-A0YJ-01A-11R-A109-07	0.20766979194857993	0.09286897334005573
TCGA-A2-A0YK-01A-22R-A109-07	0.2136324875248644	0.27831723062868896
TCGA-A2-A0YL-01A-21R-A109-07	0.2335748936024178	0.23213955619733406
TCGA-A2-A0YM-01A-11R-A109-07	0.18448626160360282	0.16357578211505108
TCGA-A2-A0YT-01A-11R-A109-07	0.2735205229934765	0.1340508023321848
TCGA-A2-A1FV-01A-11R-A13Q-07	0.17014338532193385	0.1709047014513735
TCGA-A2-A1FW-01A-11R-A13Q-07	0.2194826712146375	0.15693404157820712
TCGA-A2-A1FX-01A-11R-A13Q-07	0.2075329531676875	0.1631934810255301
TCGA-A2-A1FZ-01A-51R-A14D-07	0.24909023931147944	0.22881664847155503
TCGA-A2-A1G0-01A-11R-A13Q-07	0.23446021879435053	0.21607994686311216
TCGA-A2-A1G1-01A-21R-A13Q-07	0.15311716570828837	0.22315473970000477
TCGA-A2-A1G4-01A-11R-A13Q-07	0.23645111445412847	0.08342850728835549
TCGA-A2-A1G6-01A-11R-A13Q-07	0.20911072603181868	0.23903986859511395
TCGA-A2-A259-01A-11R-A16F-07	0.21839882118820364	0.21451703184694026
TCGA-A2-A25A-01A-12R-A16F-07	0.2009951003028264	0.2844414569968694
TCGA-A2-A25B-01A-11R-A169-07	0.25882403792562836	0.18365918450584062
TCGA-A2-A25C-01A-11R-A169-07	0.26561080704906515	0.1755075028441052
TCGA-A2-A25D-01A-12R-A16F-07	0.23122300420638064	0.1814046453286845
TCGA-A2-A25E-01A-11R-A169-07	0.2532940135422609	0.14731131570475842
TCGA-A2-A25F-01A-11R-A169-07	0.021792770481398827	0.3217761960522967
TCGA-A2-A3KC-01A-11R-A213-07	0.24896469516012087	0.2282298607527552
TCGA-A2-A3KD-01A-12R-A213-07	0.2572632070057981	0.15884925149373408
TCGA-A2-A3XS-01A-11R-A22U-07	0.19576134274031176	0.1499255587171131
TCGA-A2-A3XT-01A-11R-A22U-07	0.1433377541671753	0.1569221872808576
TCGA-A2-A3XU-01A-12R-A22U-07	0.16624239404442875	0.04349804756018183
TCGA-A2-A3XV-01A-21R-A239-07	0.23526952244134292	0.09706835817611259
TCGA-A2-A3XW-01A-11R-A239-07	0.2473400061425408	0.17306366535614937
TCGA-A2-A3XX-01A-21R-A239-07	0.17641060148680765	0.14092740613526566
TCGA-A2-A3XY-01A-11R-A239-07	0.1239596451574928	0.24350486378115788
TCGA-A2-A3XZ-01A-42R-A239-07	0.2868021385077796	0.144073981187971
TCGA-A2-A3Y0-01A-11R-A239-07	0.18973261702213606	0.07349164253514517
TCGA-A2-A4RW-01A-21R-A266-07	0.24662844448190013	0.20239564236029428
TCGA-A2-A4RX-01A-11R-A266-07	0.16776108730792072	0.2600997687300677
TCGA-A2-A4RY-01A-31R-A266-07	0.22931334299748174	0.23412441010978935
TCGA-A2-A4S0-01A-21R-A266-07	0.2368407791730507	0.04180251259241252
TCGA-A2-A4S1-01A-21R-A266-07	-0.10357935498108367	0.27584709141848895
TCGA-A2-A4S2-01A-12R-A266-07	0.24899684141340994	0.18649680693387483
TCGA-A2-A4S3-01A-21R-A266-07	0.25678014438880636	0.1202946311516857
TCGA-A7-A0CD-01A-11R-A00Z-07	0.26728849394368936	0.10322703609596506
TCGA-A7-A0CE-01A-11R-A00Z-07	0.19191378374867885	0.14114004259397217
TCGA-A7-A0CG-01A-12R-A056-07	0.24681741232218024	0.26241357939397125
TCGA-A7-A0CH-01A-21R-A00Z-07	0.26417465146293684	0.14397210832012386
TCGA-A7-A0CJ-01A-21R-A00Z-07	0.23825651754425214	0.09013544646062166
TCGA-A7-A0D9-01A-31R-A056-07	0.24732262978941166	0.14313304633585522
TCGA-A7-A0DA-01A-31R-A115-07	0.19217399463678864	0.17968651310659278
TCGA-A7-A0DB-01A-11R-A00Z-07	0.2520568171994618	0.1958468839682853
TCGA-A7-A0DC-01A-11R-A00Z-07	0.2224527243732458	-0.018566608000243012
TCGA-A7-A13D-01A-13R-A12P-07	0.20613111587898936	0.15710889246411208
TCGA-A7-A13E-01A-11R-A12P-07	0.20296166906822355	0.12510154872690404
TCGA-A7-A13F-01A-11R-A12P-07	0.26765035649760494	0.12203647196847645
TCGA-A7-A13G-01A-11R-A13Q-07	0.26446223010722514	0.07932729085222401
TCGA-A7-A13H-01A-11R-A22K-07	0.25995958260262153	0.18999678822631183
TCGA-A7-A26E-01A-11R-A169-07	0.2391283760625097	0.20185071512900998
TCGA-A7-A26F-01A-21R-A169-07	0.2344884553681854	0.21880013765802797
TCGA-A7-A26G-01A-21R-A169-07	0.17055303284695478	0.2721285465186707
TCGA-A7-A26H-01A-11R-A169-07	0.2454177470776232	0.20824981301698164
TCGA-A7-A26I-01A-11R-A169-07	0.1350327261890748	0.210295420203353
TCGA-A7-A26J-01A-11R-A169-07	0.2424741928575369	0.18881209938494725
TCGA-A7-A2KD-01A-31R-A21T-07	0.2294923194347125	0.18147021441089883
TCGA-A7-A3IY-01A-21R-A21T-07	0.21462293965322876	0.19873155313892532
TCGA-A7-A3IZ-01A-11R-A213-07	0.20408505029802615	0.0667291363440532
TCGA-A7-A3J0-01A-11R-A213-07	0.25198774619577324	0.04383663592822662
TCGA-A7-A3J1-01A-11R-A213-07	0.2417947774501853	0.2052195582570182
TCGA-A7-A3RF-01A-11R-A22K-07	0.2438712516491245	0.06875659163760817
TCGA-A7-A425-01A-11R-A24H-07	0.2669600808695475	0.18450232140482314
TCGA-A7-A426-01A-22R-A24H-07	0.24493772532242908	0.21148677708697683
TCGA-A7-A4SA-01A-11R-A266-07	0.2233562947359642	0.19687524426335357
TCGA-A7-A4SB-01A-21R-A266-07	0.24040553801750586	0.1389492202650695
TCGA-A7-A4SC-01A-12R-A266-07	0.2644092322301811	0.20151694256926345
TCGA-A7-A4SD-01A-11R-A266-07	0.18503274790951618	0.1843393248162677
TCGA-A7-A4SE-01A-11R-A266-07	0.1551497646155764	0.22241606879641462
TCGA-A7-A4SF-01A-11R-A266-07	0.2727047032140606	0.08010115420107045
TCGA-A7-A56D-01A-11R-A27Q-07	0.23244977473730222	0.1750714869697193
TCGA-A7-A5ZV-01A-11R-A28M-07	0.08928252603520703	0.11436451890260324
TCGA-A7-A5ZW-01A-12R-A29R-07	0.22374769709019926	0.24667033162026386
TCGA-A7-A5ZX-01A-12R-A29R-07	0.2439763785855561	0.2090581279175
TCGA-A7-A6VV-01A-22R-A33J-07	0.17629722078263965	0.22130398752631553
TCGA-A7-A6VW-01A-21R-A33J-07	0.2350636126567619	0.10630396715174206
TCGA-A7-A6VX-01A-12R-A33J-07	0.23937034177983385	0.16547469237172263
TCGA-A7-A6VY-01A-12R-A33J-07	0.17094964810712876	0.19017497313334641
TCGA-A8-A06N-01A-11R-A00Z-07	0.23822914978807364	-0.03374825843701834
TCGA-A8-A06O-01A-11R-A00Z-07	0.23603625402316875	0.14811740792452377
TCGA-A8-A06P-01A-11R-A00Z-07	0.25443998403113144	0.22686809834473265
TCGA-A8-A06Q-01A-11R-A034-07	0.26008773320694933	0.012101200136472534
TCGA-A8-A06R-01A-11R-A00Z-07	0.21360034127157546	0.21509789241706523
TCGA-A8-A06T-01A-11R-A00Z-07	0.21627108674753326	0.12021498509136885
TCGA-A8-A06U-01A-11R-A00Z-07	0.23954801499057987	0.10790096327279375
TCGA-A8-A06X-01A-21R-A00Z-07	0.2227277051615154	0.12249360331001613
TCGA-A8-A06Y-01A-21R-A00Z-07	0.25734574468316174	0.052414701847751544
TCGA-A8-A06Z-01A-11R-A00Z-07	0.26387751582442753	0.03828808387508098
TCGA-A8-A075-01A-11R-A084-07	0.27114300347657383	0.16488308884462466
TCGA-A8-A076-01A-21R-A00Z-07	0.2891505526331909	0.17015084222930443
TCGA-A8-A079-01A-21R-A00Z-07	0.23764182905230669	0.0817385290224687
TCGA-A8-A07B-01A-11R-A00Z-07	0.24703591996277985	0.16982633083936205
TCGA-A8-A07C-01A-11R-A034-07	0.09906150316749196	0.16282822048844892
TCGA-A8-A07E-01A-11R-A034-07	0.23326559451671802	0.2610062520305114
TCGA-A8-A07F-01A-11R-A00Z-07	0.24022916803324446	0.1589744625094881
TCGA-A8-A07G-01A-11R-A034-07	0.23206401969783397	0.23032733049003073
TCGA-A8-A07I-01A-11R-A00Z-07	0.22811567785805176	0.19680374803246448
TCGA-A8-A07J-01A-11R-A00Z-07	0.1949598584522274	0.2603168505502802
TCGA-A8-A07L-01A-11R-A00Z-07	0.22928510642364686	0.1396167653845627
TCGA-A8-A07O-01A-11R-A00Z-07	0.16933104081314376	0.12935761192216322
TCGA-A8-A07P-01A-11R-A00Z-07	0.2639791674902334	0.14157791070231895
TCGA-A8-A07R-01A-21R-A034-07	0.18380510856093824	0.10696262154822311
TCGA-A8-A07S-01A-11R-A034-07	0.248296139973475	0.1104955726051634
TCGA-A8-A07U-01A-11R-A034-07	0.18780557946010812	0.20992275073042854
TCGA-A8-A07W-01A-11R-A00Z-07	0.2536072223074146	0.15731671311452033
TCGA-A8-A07Z-01A-11R-A00Z-07	0.2503204851130266	0.07383097179677434
TCGA-A8-A081-01A-11R-A00Z-07	0.2639209567072506	0.0804778985887088
TCGA-A8-A082-01A-11R-A00Z-07	0.25813332788874266	0.11025292995629099
TCGA-A8-A083-01A-21R-A00Z-07	0.24884349509704484	0.03705783007827901
TCGA-A8-A084-01A-21R-A00Z-07	0.2908577793281346	0.1252367618060467
TCGA-A8-A085-01A-11R-A00Z-07	0.24502808235870088	0.12510673498199443
TCGA-A8-A086-01A-11R-A00Z-07	0.20732443693013702	0.18327799475669615
TCGA-A8-A08A-01A-11R-A32Y-07	0.25263762180280525	0.13519103755848894
TCGA-A8-A08B-01A-11R-A00Z-07	0.2782329899621152	0.07032432246207831
TCGA-A8-A08C-01A-11R-A00Z-07	0.21672200311123602	0.09933808567174784
TCGA-A8-A08F-01A-11R-A00Z-07	0.20962289404030188	0.17183489334651625
TCGA-A8-A08G-01A-11R-A00Z-07	0.25626580433618196	0.1253467845033216
TCGA-A8-A08H-01A-21R-A00Z-07	0.09500716557362165	0.31620023093653027
TCGA-A8-A08I-01A-11R-A00Z-07	0.1873151318930364	0.10952500200967386
TCGA-A8-A08J-01A-11R-A00Z-07	0.2665421795767903	0.1656795494477934
TCGA-A8-A08L-01A-11R-A00Z-07	0.23182770129527686	0.1422206358867366
TCGA-A8-A08O-01A-21R-A056-07	0.23844331334039104	0.17458694256555896
TCGA-A8-A08P-01A-11R-A00Z-07	0.24636084864371055	0.1963647685837412
TCGA-A8-A08R-01A-11R-A034-07	0.1502600588450198	0.2028616644248462
TCGA-A8-A08S-01A-11R-A034-07	0.24741038037271412	0.11824272636984745
TCGA-A8-A08T-01A-21R-A00Z-07	0.2615799275319193	0.14482043147419676
TCGA-A8-A08X-01A-21R-A00Z-07	0.20215236542123105	0.22284467573495725
TCGA-A8-A08Z-01A-21R-A00Z-07	0.19464838732238654	0.2541426138651567
TCGA-A8-A090-01A-11R-A00Z-07	0.22123551083654547	0.16381546118958623
TCGA-A8-A091-01A-11R-A00Z-07	0.2184726706890029	0.14351053161707805
TCGA-A8-A092-01A-11R-A00Z-07	0.2695461166240005	0.12602470213299555
TCGA-A8-A093-01A-11R-A00Z-07	0.25237827973235194	0.15574787094967368
TCGA-A8-A094-01A-11R-A00Z-07	0.2877217819971424	0.174097211906308
TCGA-A8-A095-01A-11R-A00Z-07	0.24733001473949157	0.15448242470761564
TCGA-A8-A096-01A-11R-A00Z-07	0.24168530642547126	0.21781623097802028
TCGA-A8-A097-01A-11R-A034-07	0.22009301561830052	0.21180424998786784
TCGA-A8-A099-01A-11R-A00Z-07	0.28719745054146895	0.11054336024135347
TCGA-A8-A09A-01A-11R-A00Z-07	0.23715007825875045	0.2136713018204125
TCGA-A8-A09B-01A-11R-A00Z-07	0.24213622278917402	0.14094555802808206
TCGA-A8-A09C-01A-11R-A00Z-07	0.26663948715431374	0.12103885875715836
TCGA-A8-A09D-01A-11R-A00Z-07	0.22820820693846466	0.2378448072435685
TCGA-A8-A09E-01A-11R-A00Z-07	0.280066629626074	0.08209267615578475
TCGA-A8-A09G-01A-21R-A00Z-07	0.280716505233106	0.12624511797433768
TCGA-A8-A09I-01A-22R-A034-07	0.2775622627313281	0.14116301029508682
TCGA-A8-A09K-01A-11R-A00Z-07	0.23958841501160522	0.05378535497878645
TCGA-A8-A09M-01A-11R-A00Z-07	0.23985992052924898	0.10780390621324465
TCGA-A8-A09N-01A-11R-A00Z-07	0.2841361715289322	0.12426545031697289
TCGA-A8-A09Q-01A-11R-A00Z-07	0.2137341391906703	0.18093084388149705
TCGA-A8-A09R-01A-11R-A00Z-07	0.2492348974512799	0.17803357951992327
TCGA-A8-A09T-01A-11R-A00Z-07	0.24085992965183434	0.15806019982640873
TCGA-A8-A09V-01A-11R-A034-07	0.2370475577752882	0.16850161311055656
TCGA-A8-A09W-01A-11R-A00Z-07	0.2750878700457302	0.17292363646870856
TCGA-A8-A09X-01A-11R-A00Z-07	0.2397109183011661	0.19487001577732888
TCGA-A8-A09Z-01A-11R-A00Z-07	0.24110015773384552	0.08244274837438692
TCGA-A8-A0A1-01A-11R-A00Z-07	0.22670384916630426	0.21901981260578574
TCGA-A8-A0A2-01A-11R-A034-07	0.23330556012891523	0.16606888902636585
TCGA-A8-A0A4-01A-11R-A00Z-07	0.21268721391463596	0.2054962820107703
TCGA-A8-A0A6-01A-12R-A056-07	0.266027839524166	0.20306726239450146
TCGA-A8-A0A7-01A-11R-A00Z-07	0.22236931787822567	0.2654493908558173
TCGA-A8-A0A9-01A-11R-A00Z-07	0.25737615330113783	0.1530536114302099
TCGA-A8-A0AB-01A-11R-A034-07	0.2417747946440867	0.10408054550512824
TCGA-A8-A0AD-01A-11R-A056-07	0.23309878152667773	0.18964152975261928
TCGA-AC-A23C-01A-12R-A169-07	0.24952942663681987	0.18680168464383218
TCGA-AC-A23E-01A-11R-A157-07	0.22705962999662466	0.2650111523006783
TCGA-AC-A23G-01A-11R-A213-07	0.19310971125279597	0.2934425731530541
TCGA-AC-A23H-01A-11R-A157-07	0.2923808166799089	0.1284514990685116
TCGA-AC-A2B8-01A-11R-A17B-07	0.22958875819457958	0.24516076094216466
TCGA-AC-A2BK-01A-11R-A21T-07	0.11133919987975571	0.10131441930798324
TCGA-AC-A2BM-01A-11R-A21T-07	0.16783710885286096	0.12243618405722956
TCGA-AC-A2FB-01A-11R-A17B-07	0.21973636597032375	0.22652432372159736
TCGA-AC-A2FE-01A-11R-A19W-07	0.23453928120108825	0.2283750758952865
TCGA-AC-A2FF-01A-11R-A17B-07	0.17305566210638756	0.30116194340832536
TCGA-AC-A2FG-01A-11R-A17B-07	0.25431704633274244	0.19678078033134982
TCGA-AC-A2FK-01A-12R-A180-07	0.2287525212002368	0.21748134707789724
TCGA-AC-A2FM-01A-11R-A19W-07	0.2257668293238123	0.09195137663584674
TCGA-AC-A2FO-01A-11R-A180-07	0.23333814079103232	0.2621853841699935
TCGA-AC-A2QH-01A-11R-A18M-07	-0.1347381970035348	0.26247766668901695
TCGA-AC-A2QI-01A-12R-A19W-07	0.24974836868624772	0.20803384253714563
TCGA-AC-A2QJ-01A-12R-A19W-07	0.030567394402815973	0.23989226666390073
TCGA-AC-A3BB-01A-21R-A19W-07	0.23244673387550452	0.24683221686844292
TCGA-AC-A3EH-01A-22R-A22K-07	0.2669570400077498	0.14518902603240746
TCGA-AC-A3HN-01A-11R-A213-07	0.22166861643829072	0.2573562397872451
TCGA-AC-A3OD-01A-11R-A21T-07	0.229952358383808	0.19971508937214077
TCGA-AC-A3QP-01A-11R-A22U-07	0.2374476483060879	0.20865878627553902
TCGA-AC-A3QQ-01A-11R-A22K-07	0.27777034456005034	0.11400740819494992
TCGA-AC-A3TM-01A-11R-A22K-07	0.24830830342066545	0.11747034480816976
TCGA-AC-A3TN-01A-11R-A22K-07	0.2681308126616273	0.10991360069466183
TCGA-AC-A3W5-01A-11R-A22K-07	0.24184169360363406	0.23851309325664583
TCGA-AC-A3W6-01A-12R-A22K-07	0.22237757164596206	0.24642731852459931
TCGA-AC-A3W7-01A-11R-A22K-07	0.28947549043670684	0.17711116700741603
TCGA-AC-A3YI-01A-21R-A239-07	0.215745452065375	0.24976022831376699
TCGA-AC-A3YJ-01A-11R-A22U-07	0.24604937751386957	0.05730682218516936
TCGA-AC-A4ZE-01A-11R-A41B-07	0.24667492622652076	0.12027166345057105
TCGA-AC-A5EH-01A-11R-A28M-07	0.2508491606569825	0.2054288606945951
TCGA-AC-A5XS-01A-11R-A29R-07	0.2536332868371085	0.17985284371627774
TCGA-AC-A5XU-01A-11R-A28M-07	0.19992167608827005	0.1508112969971953
TCGA-AC-A62V-01A-11R-A31O-07	0.2396353311650541	0.11296311868781816
TCGA-AC-A62X-01A-11R-A29R-07	0.20285958299358942	0.06681989580813519
TCGA-AC-A62Y-01A-11R-A29R-07	0.25725147796743575	0.16698537439019823
TCGA-AC-A6IV-01A-12R-A33J-07	0.1850792296541367	0.27790788692333934
TCGA-AC-A6IW-01A-12R-A33J-07	0.14797202754673267	0.13438383399834708
TCGA-AC-A6IX-01A-12R-A32P-07	0.25145125129290924	0.22290172454095158
TCGA-AC-A6NO-01A-12R-A33J-07	0.26616294066974555	0.11002806875344284
TCGA-AC-A7VB-01A-11R-A352-07	0.23834904662466516	0.015253702337852615
TCGA-AC-A7VC-01A-11R-A352-07	-0.10338343659955196	0.23805077566001576
TCGA-AC-A8OP-01A-11R-A36F-07	0.24326916101319773	0.16837417941404942
TCGA-AC-A8OQ-01A-11R-A41B-07	0.15354201754229724	0.23057145492607178
TCGA-AC-A8OR-01A-21R-A41B-07	0.2579361062807263	0.018898528326028674
TCGA-AC-A8OS-01A-12R-A41B-07	0.23065479745905582	0.2347456493802611
TCGA-AN-A03X-01A-21R-A00Z-07	0.21030274385648173	0.24840550439479558
TCGA-AN-A03Y-01A-21R-A00Z-07	0.18949195453129675	0.11331911805509509
TCGA-AN-A041-01A-11R-A034-07	0.2522927011931908	0.18199995332370422
TCGA-AN-A046-01A-21R-A034-07	0.21682930209180884	0.18251746749236786
TCGA-AN-A049-01A-21R-A00Z-07	0.25404554081509867	0.1767103435782863
TCGA-AN-A04A-01A-21R-A034-07	0.2523947872678247	0.2110218663628015
TCGA-AN-A04C-01A-21R-A034-07	0.2979260453722645	0.09407848211649594
TCGA-AN-A04D-01A-21R-A034-07	0.17660782309482415	0.0538575921032598
TCGA-AN-A0AJ-01A-11R-A00Z-07	0.21498567102480082	0.1596775705210297
TCGA-AN-A0AK-01A-21R-A00Z-07	0.2665191559088941	0.06962380757808184
TCGA-AN-A0AL-01A-11R-A00Z-07	0.24980223538094837	0.21807702551970898
TCGA-AN-A0AM-01A-11R-A034-07	0.2231569010838066	0.15328810424965444
TCGA-AN-A0AR-01A-11R-A00Z-07	0.15510588932392522	0.07753581016528222
TCGA-AN-A0AS-01A-11R-A00Z-07	0.23838684019272116	0.21091073232515012
TCGA-AN-A0AT-01A-11R-A034-07	0.15647644917699077	0.12087919618973253
TCGA-AN-A0FD-01A-11R-A034-07	0.23075514589837698	0.18419707324807377
TCGA-AN-A0FF-01A-11R-A034-07	0.26128148866692524	0.15916746528820946
TCGA-AN-A0FJ-01A-11R-A00Z-07	0.15268145365357377	0.17062871859120565
TCGA-AN-A0FK-01A-11R-A034-07	0.2750796162779938	0.09875574331445403
TCGA-AN-A0FL-01A-11R-A034-07	0.23736815149052182	0.07805036075960858
TCGA-AN-A0FN-01A-11R-A034-07	0.1565785352516248	0.32257302710225777
TCGA-AN-A0FS-01A-11R-A034-07	0.22711436550898167	0.23143015059032546
TCGA-AN-A0FT-01A-11R-A034-07	0.27332764547374233	0.1712807049454277
TCGA-AN-A0FV-01A-11R-A00Z-07	0.2606016388507454	0.16569288553231165
TCGA-AN-A0FW-01A-11R-A034-07	0.2604569807109447	0.16445559324645864
TCGA-AN-A0FX-01A-11R-A034-07	0.15235695025888596	0.20025816436946442
TCGA-AN-A0FY-01A-11R-A034-07	0.22124202696896889	0.16290453252763626
TCGA-AN-A0FZ-01A-11R-A034-07	0.2627328485620416	0.12689710432855972
TCGA-AN-A0G0-01A-11R-A034-07	0.21333795833932456	0.13074678739280665
TCGA-AN-A0XL-01A-11R-A10J-07	0.22487281595531494	0.24727341899791921
TCGA-AN-A0XN-01A-21R-A109-07	0.1675538742968551	0.27821054195254347
TCGA-AN-A0XO-01A-11R-A109-07	0.26954437898868766	0.15143735207596531
TCGA-AN-A0XP-01A-11R-A109-07	0.28386336278480384	0.1328883402983505
TCGA-AN-A0XR-01A-11R-A109-07	0.2624105172114949	0.07379614979831028
TCGA-AN-A0XS-01A-22R-A109-07	0.20647647089743215	0.21560799764988559
TCGA-AN-A0XT-01A-11R-A109-07	0.2622636870275532	0.14521606864823589
TCGA-AN-A0XU-01A-11R-A109-07	0.168154661706297	0.15469839518745165
TCGA-AN-A0XV-01A-11R-A109-07	0.26415770951863593	0.22554226927555054
TCGA-AN-A0XW-01A-11R-A109-07	0.22900187186764087	0.2573788370415675
TCGA-AO-A03L-01A-41R-A056-07	0.29123614941752285	0.18627602064574067
TCGA-AO-A03M-01B-11R-A10J-07	0.2151094775408463	0.1728695512370515
TCGA-AO-A03N-01B-11R-A10J-07	0.2716547370762288	0.17157483969841192
TCGA-AO-A03O-01A-11R-A00Z-07	0.20603033303084006	0.11634863192147415
TCGA-AO-A03P-01A-11R-A00Z-07	0.19628437096950058	0.10622765511255472
TCGA-AO-A03R-01A-21R-A034-07	0.23496760830572305	0.15741006570614757
TCGA-AO-A03T-01A-21R-A034-07	0.25723149516133725	0.128044378043915
TCGA-AO-A03U-01B-21R-A10J-07	0.22311302579215542	0.22387488826398627
TCGA-AO-A03V-01A-11R-A115-07	0.25803688912887557	0.13111575239780948
TCGA-AO-A0J2-01A-11R-A034-07	0.2736304284270187	0.1030051384674543
TCGA-AO-A0J3-01A-11R-A034-07	0.19624961826324216	0.023622095373008523
TCGA-AO-A0J4-01A-11R-A034-07	0.18206660443036182	0.190355380721134
TCGA-AO-A0J5-01A-11R-A034-07	0.24271702739251744	0.23934882121978507
TCGA-AO-A0J6-01A-11R-A034-07	0.19981220506355624	0.08959755771838862
TCGA-AO-A0J7-01A-11R-A034-07	0.2496597492852889	0.07523200156476728
TCGA-AO-A0J8-01A-21R-A034-07	0.24381347527496988	0.15134733350546759
TCGA-AO-A0J9-01A-11R-A034-07	0.19285558208828146	0.2570709957572729
TCGA-AO-A0JA-01A-11R-A056-07	0.2641498901597278	0.216755641812033
TCGA-AO-A0JB-01A-11R-A32Y-07	0.248719254172171	0.1560334854264379
TCGA-AO-A0JC-01A-11R-A056-07	0.08584808983922088	0.2324166503978783
TCGA-AO-A0JD-01A-11R-A056-07	0.2492001447450216	0.07352276006568759
TCGA-AO-A0JE-01A-11R-A056-07	0.2367117597510664	0.23001578473781448
TCGA-AO-A0JF-01A-11R-A056-07	0.23131292683382432	0.27226079602347597
TCGA-AO-A0JG-01A-31R-A084-07	0.23891290928370756	0.20228932413094114
TCGA-AO-A0JI-01A-21R-A056-07	0.22333370547689624	0.07887608665935897
TCGA-AO-A0JJ-01A-11R-A056-07	0.24788953331025176	0.2520499599361794
TCGA-AO-A0JL-01A-11R-A056-07	0.16472500400742152	0.15777940115794264
TCGA-AO-A0JM-01A-21R-A056-07	0.2644040193242423	0.18822012541105704
TCGA-AO-A124-01A-11R-A10J-07	0.19332604684925447	0.09564028579229122
TCGA-AO-A125-01A-11R-A10J-07	0.2711417002500891	-0.016293916930270436
TCGA-AO-A126-01A-11R-A10J-07	0.21616161572281933	0.2078752913100962
TCGA-AO-A128-01A-11R-A10J-07	0.12479284129003776	0.17949499211504005
TCGA-AO-A129-01A-21R-A10J-07	0.1763545627479659	0.17945424296790113
TCGA-AO-A12A-01A-21R-A115-07	0.2430767179022919	0.19808475303979367
TCGA-AO-A12B-01A-11R-A10J-07	0.249999891397793	0.04958448835556084
TCGA-AO-A12C-01A-11R-A10J-07	0.24117183519050345	0.21726796972560636
TCGA-AO-A12D-01A-11R-A115-07	0.2773094367932982	0.22111580055589242
TCGA-AO-A12E-01A-11R-A10J-07	0.2687042323148908	0.18055039502593684
TCGA-AO-A12F-01A-11R-A115-07	0.11255076610168901	0.20681396125052465
TCGA-AO-A12G-01A-11R-A10J-07	0.22561391741627534	0.18595039791542178
TCGA-AO-A12H-01A-11R-A115-07	0.23154316351278614	0.08060792541276118
TCGA-AO-A1KO-01A-31R-A13Q-07	0.20459113658291406	0.21174238537357515
TCGA-AO-A1KP-01A-11R-A13Q-07	0.2401488024000219	0.09384658242459654
TCGA-AO-A1KQ-01A-11R-A13Q-07	0.24745078039373947	0.12975398998978682
TCGA-AO-A1KR-01A-12R-A144-07	0.16585620459613237	0.06292316600128245
TCGA-AO-A1KS-01A-11R-A13Q-07	0.1967761217630568	0.16059701945919957
TCGA-AO-A1KT-01A-11R-A13Q-07	0.24789778707798804	0.1891866210918326
TCGA-AQ-A04H-01B-11R-A10J-07	0.23670785007161232	0.11426672094946999
TCGA-AQ-A04J-01A-02R-A034-07	0.15683527086910865	0.2420360422501976
TCGA-AQ-A04L-01B-21R-A10J-07	0.2500537580924934	0.15801537576455593
TCGA-AQ-A0Y5-01A-11R-A14M-07	0.25391217730483207	0.24170301058403532
TCGA-AQ-A1H2-01A-11R-A13Q-07	0.24983351281658084	0.08306583987881944
TCGA-AQ-A1H3-01A-31R-A13Q-07	0.24707241030435112	0.21773769625807993
TCGA-AQ-A54N-01A-11R-A266-07	0.1529147311943333	0.02449079310065072
TCGA-AQ-A54O-01A-11R-A266-07	0.23496630507923844	0.07867715673196285
TCGA-AQ-A7U7-01A-22R-A352-07	0.1803689347296391	0.26418468550734353
TCGA-AR-A0TP-01A-11R-A084-07	0.15632484049593853	0.14275926552255402
TCGA-AR-A0TQ-01A-11R-A084-07	0.2572023897698459	0.15727337083983617
TCGA-AR-A0TR-01A-11R-A084-07	0.2602949462180151	0.0012071008722910337
TCGA-AR-A0TS-01A-11R-A115-07	0.15118143996969569	0.2341933132131332
TCGA-AR-A0TT-01A-31R-A084-07	0.17921340724654744	0.22365817689056589
TCGA-AR-A0TU-01A-31R-A109-07	0.11521369221873867	0.0857063846134184
TCGA-AR-A0TV-01A-21R-A084-07	0.19959500064944113	0.09333869987252918
TCGA-AR-A0TW-01A-11R-A084-07	0.24240946594213075	0.12186421421011673
TCGA-AR-A0TX-01A-11R-A084-07	0.22875121797375209	0.2075870837057867
TCGA-AR-A0TY-01A-12R-A115-07	0.2730365915588283	0.08937677143025435
TCGA-AR-A0TZ-01A-12R-A084-07	0.24564624612127217	0.1365976240283644
TCGA-AR-A0U0-01A-11R-A109-07	0.19380563419562036	0.12310669275106012
TCGA-AR-A0U1-01A-11R-A115-07	0.31914995749309616	0.14765064496638758
TCGA-AR-A0U2-01A-11R-A109-07	0.2546432873627431	0.10969837110841008
TCGA-AR-A0U3-01A-11R-A109-07	0.27868173428167686	0.0826668686836507
TCGA-AR-A0U4-01A-11R-A109-07	0.1293093898771448	0.20794567620060878
TCGA-AR-A1AH-01A-11R-A12D-07	0.11905386626029169	0.11211183195940799
TCGA-AR-A1AI-01A-11R-A12P-07	0.16193392728604383	0.1387610332946464
TCGA-AR-A1AJ-01A-21R-A12P-07	0.12995752784886394	0.2570154287384472
TCGA-AR-A1AK-01A-21R-A12P-07	0.22377810570817536	0.22143030988244605
TCGA-AR-A1AL-01A-21R-A12P-07	0.21708690652694917	0.25507910335576633
TCGA-AR-A1AM-01A-41R-A22K-07	0.2726690816901457	0.1872999355793028
TCGA-AR-A1AN-01A-11R-A12P-07	0.23369522484783745	0.22625945426519467
TCGA-AR-A1AO-01A-11R-A12P-07	0.17088144592109655	0.28951361447528257
TCGA-AR-A1AP-01A-11R-A12P-07	0.2582354139633767	0.17926383331672502
TCGA-AR-A1AQ-01A-11R-A12P-07	0.14002321480778068	0.18537435315359507
TCGA-AR-A1AR-01A-31R-A137-07	0.11562420856141609	0.23454968302720225
TCGA-AR-A1AS-01A-11R-A12P-07	0.2629144314522418	0.10568939592352944
TCGA-AR-A1AT-01A-11R-A12P-07	0.26118504990705815	0.16971186278058104
TCGA-AR-A1AU-01A-11R-A12P-07	0.2368377383112531	0.20614752747140797
TCGA-AR-A1AV-01A-21R-A12P-07	0.28261443740364267	0.13860285251438909
TCGA-AR-A1AW-01A-21R-A12P-07	0.12911129945147204	0.23729098928927195
TCGA-AR-A1AX-01A-11R-A12P-07	0.22903879661804039	0.23003764109855251
TCGA-AR-A1AY-01A-21R-A12P-07	0.15221707061619594	0.18029071182462453
TCGA-AR-A24H-01A-11R-A169-07	0.22778422392211228	0.09826527176161903
TCGA-AR-A24K-01A-11R-A169-07	0.2255148722034388	0.10422576064765954
TCGA-AR-A24L-01A-11R-A169-07	0.22078416006401447	0.20874584127169937
TCGA-AR-A24M-01A-11R-A169-07	0.26471114636580095	0.20202704780208358
TCGA-AR-A24N-01A-11R-A169-07	0.2447478886644926	0.1676795916787278
TCGA-AR-A24O-01A-11R-A169-07	0.22022768235505197	0.28524347430192076
TCGA-AR-A24P-01A-11R-A169-07	0.2515107653023768	0.20948562351566602
TCGA-AR-A24Q-01A-12R-A169-07	0.12527633831585783	0.2624313608399955
TCGA-AR-A24R-01A-11R-A169-07	0.24305325982556747	0.1411404130407644
TCGA-AR-A24S-01A-11R-A169-07	0.19792078902544286	0.2492230804651182
TCGA-AR-A24T-01A-11R-A169-07	0.21645484168187457	0.25510910954593224
TCGA-AR-A24U-01A-11R-A169-07	0.2534656050294116	0.24172042158326734
TCGA-AR-A24V-01A-21R-A169-07	0.18774997513009462	0.25452713763543067
TCGA-AR-A24W-01A-11R-A169-07	0.23887207485385398	0.2360629581732232
TCGA-AR-A24X-01A-11R-A169-07	0.2405015423685446	0.18368585667487702
TCGA-AR-A24Z-01A-11R-A169-07	0.23841811762835374	0.09446300588677004
TCGA-AR-A250-01A-31R-A169-07	0.2617858373165003	0.22616869480111268
TCGA-AR-A251-01A-12R-A169-07	0.15810939196230722	0.19069359864238666
TCGA-AR-A252-01A-11R-A169-07	0.20852644615784943	0.26331858090724636
TCGA-AR-A254-01A-21R-A169-07	0.24398984525923129	0.22869514192372276
TCGA-AR-A255-01A-11R-A169-07	0.23596805183713676	0.22559931808154499
TCGA-AR-A256-01A-11R-A169-07	0.18510920386328467	0.14027690156821238
TCGA-AR-A2LE-01A-11R-A180-07	0.2738398134822255	0.1346898230486807
TCGA-AR-A2LH-01A-31R-A18M-07	0.2951692869483171	0.22513403691057743
TCGA-AR-A2LJ-01A-12R-A19W-07	0.2086341795472505	0.21349571004092316
TCGA-AR-A2LK-01A-11R-A180-07	0.20436524399223444	0.1566465748674819
TCGA-AR-A2LL-01A-11R-A180-07	0.23407402934605404	0.128875660645548
TCGA-AR-A2LM-01A-11R-A180-07	0.22491451920282501	0.2426761743070701
TCGA-AR-A2LN-01A-21R-A18M-07	0.22888110621339286	0.28273999488042534
TCGA-AR-A2LO-01A-31R-A18M-07	0.21660992563355275	0.22042899220320633
TCGA-AR-A2LQ-01A-22R-A18M-07	0.22270989439955802	0.30854865244422647
TCGA-AR-A2LR-01A-12R-A18M-07	0.05973186549486342	0.24236277632089287
TCGA-AR-A5QM-01A-11R-A27Q-07	0.2584048334063864	0.20293464244290393
TCGA-AR-A5QN-01A-12R-A28M-07	0.27870997085551175	0.1959761698987531
TCGA-AR-A5QP-01A-11R-A28M-07	0.24738735670481793	0.20773600331623965
TCGA-AR-A5QQ-01A-11R-A28M-07	0.14028733537534444	0.20721960048795252
TCGA-B6-A0I1-01A-11R-A21T-07	0.2169266096693323	0.02406107482173181
TCGA-B6-A0I2-01A-11R-A034-07	0.16658644583638693	0.10334002236757733
TCGA-B6-A0I5-01A-11R-A034-07	0.2810596882074077	0.14436700460057872
TCGA-B6-A0I6-01A-11R-A034-07	0.15068968917613934	0.1912111128110503
TCGA-B6-A0I8-01A-11R-A034-07	0.3141816237246299	0.12903532321297395
TCGA-B6-A0I9-01A-11R-A034-07	0.24996296664739337	0.09502423277690997
TCGA-B6-A0IA-01A-11R-A034-07	0.26768424038620686	0.029616665363928707
TCGA-B6-A0IB-01A-11R-A034-07	0.26246785917682136	0.055383832887006657
TCGA-B6-A0IC-01A-11R-A034-07	0.2388312404240004	-0.0389752626745592
TCGA-B6-A0IE-01A-11R-A034-07	0.2612315316516788	0.12397205645757292
TCGA-B6-A0IG-01A-11R-A034-07	0.3048344489676057	0.11393850509160586
TCGA-B6-A0IH-01A-11R-A115-07	0.21994705425201533	0.25489128683213536
TCGA-B6-A0IJ-01A-11R-A034-07	0.16037961249863697	0.14266035622904427
TCGA-B6-A0IK-01A-12R-A056-07	0.31174589342474457	0.13402005524843463
TCGA-B6-A0IM-01A-11R-A034-07	0.21826719531325	0.1548410172024377
TCGA-B6-A0IN-01A-11R-A034-07	0.2426231950856198	0.21276407762638438
TCGA-B6-A0IO-01A-11R-A034-07	0.26813341911459665	0.07482376919979417
TCGA-B6-A0IP-01A-11R-A034-07	0.23975262154867616	0.13243380208435584
TCGA-B6-A0IQ-01A-11R-A034-07	0.11497172650141463	0.10997176084103277
TCGA-B6-A0RE-01A-11R-A056-07	0.19234341407979827	0.13816424351245793
TCGA-B6-A0RG-01A-11R-A056-07	0.27418039000355776	0.11352656825871121
TCGA-B6-A0RH-01A-21R-A115-07	0.23343197309793018	0.16526464904056137
TCGA-B6-A0RI-01A-11R-A056-07	0.25425926995858783	0.16443114375817525
TCGA-B6-A0RL-01A-11R-A084-07	0.24789170535439298	-0.07204615915209173
TCGA-B6-A0RM-01A-11R-A084-07	0.22224029845624127	0.08760418352971333
TCGA-B6-A0RN-01A-12R-A084-07	0.22969127867804184	0.18679946196307906
TCGA-B6-A0RO-01A-22R-A084-07	0.2956579968800759	0.08348926056227157
TCGA-B6-A0RP-01A-21R-A084-07	0.24616493026217878	0.189748588875557
TCGA-B6-A0RQ-01A-11R-A115-07	0.23820699493783393	0.14195576643033392
TCGA-B6-A0RS-01A-11R-A084-07	0.25683270785702217	0.16875277603564875
TCGA-B6-A0RT-01A-21R-A084-07	0.10308630096104265	0.23195803726916997
TCGA-B6-A0RU-01A-11R-A084-07	0.14147804997352276	0.20654501687940807
TCGA-B6-A0RV-01A-11R-A084-07	0.265019142225016	0.15575787301306243
TCGA-B6-A0WS-01A-11R-A115-07	0.24735086636324655	0.19409763421565118
TCGA-B6-A0WT-01A-11R-A109-07	0.2466449520173729	0.16997710268377586
TCGA-B6-A0WV-01A-11R-A109-07	0.24776529238537803	0.06689065114544002
TCGA-B6-A0WW-01A-11R-A109-07	0.26548482848887844	0.14435885477115096
TCGA-B6-A0WX-01A-11R-A109-07	0.19303151766371462	0.23719689580406034
TCGA-B6-A0WY-01A-11R-A109-07	0.2520177204049211	0.18629824745327095
TCGA-B6-A0WZ-01A-11R-A109-07	0.2774853723687314	0.09933030628911221
TCGA-B6-A0X0-01A-21R-A115-07	0.27882856446561854	0.05798696249559632
TCGA-B6-A0X1-01A-11R-A109-07	0.16189005199439266	0.0882117162688747
TCGA-B6-A0X4-01A-11R-A109-07	0.25215760004761123	-0.0022065663175699912
TCGA-B6-A0X5-01A-21R-A109-07	0.2792008528314116	0.057260145889355796
TCGA-B6-A0X7-01A-11R-A10J-07	0.22458654053751137	0.19040835461241445
TCGA-B6-A1KC-01B-11R-A157-07	0.17508304810773678	0.09508461560403392
TCGA-B6-A1KF-01A-11R-A13Q-07	0.18754754061613943	0.1171502787797335
TCGA-B6-A1KI-01A-11R-A14M-07	0.28024256520150703	0.16929955550089404
TCGA-B6-A1KN-01A-11R-A13Q-07	0.2941002068220432	0.15268983268029734
TCGA-B6-A2IU-01A-32R-A18M-07	0.2682463654099364	0.09638932920606214
TCGA-B6-A3ZX-01A-11R-A239-07	0.11796871300737322	0.19224873427592282
TCGA-B6-A400-01A-11R-A239-07	0.13745108013583096	0.1858511181751199
TCGA-B6-A401-01A-11R-A239-07	0.2557623245042635	0.1674795504109552
TCGA-B6-A402-01A-11R-A239-07	0.20601121904239783	0.09630375599707053
TCGA-B6-A408-01A-12R-A24H-07	0.21373544241715492	0.1656891810643899
TCGA-B6-A409-01A-11R-A24H-07	0.21669420094622927	0.12355715605034079
TCGA-B6-A40B-01A-11R-A239-07	0.2836843863475731	0.15536519941336047
TCGA-B6-A40C-01A-11R-A239-07	0.2263389457505911	0.18085305005514096
TCGA-BH-A0AU-01A-11R-A12P-07	0.2169066268632338	0.19142115614221156
TCGA-BH-A0AV-01A-31R-A115-07	0.14277258828164807	0.2529890425543344
TCGA-BH-A0AW-01A-11R-A056-07	0.24796598926402025	0.22179445907915074
TCGA-BH-A0AY-01A-21R-A00Z-07	0.23098494816851067	0.25042110539100104
TCGA-BH-A0AZ-01A-21R-A12P-07	0.2194522625966614	0.27182255746833694
TCGA-BH-A0B0-01A-21R-A115-07	0.26170329963913663	0.24179932674999993
TCGA-BH-A0B1-01A-12R-A056-07	0.2623036526397504	0.19922572915968217
TCGA-BH-A0B3-01A-11R-A056-07	0.18417696251790305	0.19053430652175285
TCGA-BH-A0B4-01A-11R-A00Z-07	0.24062708651990306	0.21233139577312798
TCGA-BH-A0B5-01A-11R-A12P-07	0.2422148507870836	0.19059765292321418
TCGA-BH-A0B6-01A-11R-A19W-07	0.24102152973593594	0.22133214148252056
TCGA-BH-A0B7-01A-12R-A115-07	0.24392729038796623	0.24387419923295284
TCGA-BH-A0B8-01A-21R-A056-07	0.2413403858158567	0.131632896119681
TCGA-BH-A0B9-01A-11R-A056-07	0.14581779416754026	0.11820568169063028
TCGA-BH-A0BA-01A-11R-A056-07	0.28088939994674145	0.19769837703555881
TCGA-BH-A0BC-01A-22R-A084-07	0.22798578961841087	0.2027097812400559
TCGA-BH-A0BD-01A-11R-A034-07	0.21638446745170137	0.18859205399039725
TCGA-BH-A0BF-01A-21R-A12P-07	0.19595248262473286	0.2644214010075412
TCGA-BH-A0BG-01A-11R-A115-07	0.17169900333582544	0.18566033807715143
TCGA-BH-A0BJ-01A-11R-A056-07	0.23210355090120294	0.20159955220391756
TCGA-BH-A0BL-01A-11R-A115-07	0.1273641071443311	0.27969418135519064
TCGA-BH-A0BM-01A-11R-A056-07	0.27579074352980626	0.2110889172321846
TCGA-BH-A0BO-01A-23R-A12D-07	0.22382762831459357	0.274031531690056
TCGA-BH-A0BP-01A-11R-A115-07	0.2364567617688953	0.23180504274400304
TCGA-BH-A0BQ-01A-21R-A115-07	0.24417446901122908	0.23046180267558902
TCGA-BH-A0BR-01A-21R-A115-07	0.26276065072704835	0.23862237506033657
TCGA-BH-A0BS-01A-11R-A12P-07	0.27199053510045046	0.08774680554469938
TCGA-BH-A0BT-01A-11R-A12P-07	0.23875304683491894	0.14070476761317052
TCGA-BH-A0BV-01A-11R-A00Z-07	0.251018145691164	0.17803432041350753
TCGA-BH-A0BW-01A-11R-A115-07	0.19142420499926371	0.17771054991714963
TCGA-BH-A0BZ-01A-31R-A12P-07	0.24643730459747903	0.21775695949127283
TCGA-BH-A0C0-01A-21R-A056-07	0.23864270699254853	0.13947673649712178
TCGA-BH-A0C1-01B-11R-A12D-07	0.25524190272804403	0.20312282941332716
TCGA-BH-A0C3-01A-21R-A12P-07	0.1986549399451516	0.270527105036113
TCGA-BH-A0C7-01B-11R-A115-07	0.2676785930714398	0.15216935493729633
TCGA-BH-A0DD-01A-31R-A12P-07	0.22113776885019365	0.11550734725645251
TCGA-BH-A0DE-01A-11R-A115-07	0.23701237066020142	0.2291689433709102
TCGA-BH-A0DG-01A-21R-A12P-07	0.2719748963826343	0.2399422769808438
TCGA-BH-A0DH-01A-11R-A084-07	0.2724749009439269	0.11481942756338992
TCGA-BH-A0DI-01A-21R-A12P-07	0.20284090341397554	0.28590805584707657
TCGA-BH-A0DK-01A-21R-A056-07	0.2578127341735089	0.24925160486811548
TCGA-BH-A0DL-01A-11R-A115-07	0.21752565944346147	0.1237442316803874
TCGA-BH-A0DO-01B-11R-A12D-07	0.2745240073866877	0.16113972400973098
TCGA-BH-A0DP-01A-21R-A056-07	0.23060788130560705	0.21870011702414172
TCGA-BH-A0DQ-01A-11R-A084-07	0.2334345795508994	0.24364229954105354
TCGA-BH-A0DS-01A-11R-A056-07	0.26196785461552863	0.19910570439901865
TCGA-BH-A0DT-01A-21R-A12D-07	0.24839518518631143	0.20043301525536938
TCGA-BH-A0DV-01A-21R-A12P-07	0.22175158852448262	0.3054283791137653
TCGA-BH-A0DX-01A-11R-A115-07	0.24143682457572369	0.2419582484238415
TCGA-BH-A0DZ-01A-11R-A00Z-07	0.268814137748433	0.231379399379798
TCGA-BH-A0E0-01A-11R-A056-07	0.1959655148895798	0.05650221175257264
TCGA-BH-A0E1-01A-11R-A056-07	0.2744401664828393	0.13620383908828604
TCGA-BH-A0E2-01A-11R-A056-07	0.24593686562735795	0.1890028794829156
TCGA-BH-A0E6-01A-11R-A034-07	0.16950523875326406	0.15461911957392693
TCGA-BH-A0E7-01A-11R-A034-07	0.2571428757603784	0.10867260394088707
TCGA-BH-A0E9-01B-11R-A115-07	0.2560047246304158	0.20658206155862524
TCGA-BH-A0EA-01A-11R-A115-07	0.22769864538295093	0.2255267105102794
TCGA-BH-A0EB-01A-11R-A034-07	0.2521875742567591	0.21240770781231533
TCGA-BH-A0EE-01A-11R-A034-07	0.32828818160374174	0.015715649487690664
TCGA-BH-A0EI-01A-11R-A115-07	0.2092054271563728	0.2077986088241166
TCGA-BH-A0GY-01A-11R-A056-07	0.25800952137269717	0.17467214532775832
TCGA-BH-A0GZ-01A-11R-A056-07	0.2644900322722319	0.17700188520372528
TCGA-BH-A0H0-01A-11R-A056-07	0.24884175746173187	0.06571707570784047
TCGA-BH-A0H3-01A-11R-A12P-07	0.2119400307300805	0.2532509484363997
TCGA-BH-A0H5-01A-21R-A115-07	0.20083176258341195	0.236308564396433
TCGA-BH-A0H6-01A-21R-A056-07	0.24910848448226497	0.18062818885229281
TCGA-BH-A0H7-01A-13R-A056-07	0.243069332952212	0.19565054716843444
TCGA-BH-A0H9-01A-11R-A056-07	0.26779110495795144	0.1270508397473109
TCGA-BH-A0HA-01A-11R-A12P-07	0.2223958168167477	0.22777384075159213
TCGA-BH-A0HB-01A-11R-A056-07	0.2640955890561991	0.1469019719994088
TCGA-BH-A0HF-01A-11R-A056-07	0.2687902452628803	0.2203752774183415
TCGA-BH-A0HI-01A-11R-A084-07	0.2712233691097964	0.16282081155260553
TCGA-BH-A0HK-01A-11R-A056-07	0.2963122165753901	0.20502211011679072
TCGA-BH-A0HL-01A-11R-A10U-07	0.20115409393395856	0.02954257600549448
TCGA-BH-A0HN-01A-11R-A10U-07	0.25829058388456194	0.014186074682814187
TCGA-BH-A0HO-01A-11R-A034-07	0.2504303905465688	0.13648204462920688
TCGA-BH-A0HP-01A-12R-A084-07	0.25229443882850366	0.20563260643028947
TCGA-BH-A0HQ-01A-11R-A034-07	0.27604052860603856	0.1780861829644116
TCGA-BH-A0HU-01A-11R-A034-07	0.2682428901393106	0.09053145408145313
TCGA-BH-A0HW-01A-11R-A034-07	0.22660306631815497	0.014275722806519675
TCGA-BH-A0HX-01A-21R-A056-07	0.2614278844420388	0.18438451932491262
TCGA-BH-A0HY-01A-11R-A056-07	0.26306908099509163	0.1525953687482936
TCGA-BH-A0RX-01A-21R-A084-07	0.1517296639109219	0.2458320105295796
TCGA-BH-A0W3-01A-11R-A109-07	0.2621059966229058	0.047168434377017676
TCGA-BH-A0W4-01A-11R-A109-07	0.24104194695086278	0.18580147830496885
TCGA-BH-A0W5-01A-11R-A109-07	0.23374865713370974	0.2383715825820364
TCGA-BH-A0W7-01A-11R-A115-07	0.24139208046641603	0.22299655891974757
TCGA-BH-A0WA-01A-11R-A109-07	0.17083018567936548	0.19087622891092726
TCGA-BH-A18F-01A-11R-A12D-07	0.23515744496365953	0.23115009281544385
TCGA-BH-A18G-01A-11R-A12D-07	0.21877849450407671	0.14024541359087783
TCGA-BH-A18H-01A-11R-A12D-07	0.2648736152675589	0.1732370344548857
TCGA-BH-A18I-01A-11R-A12D-07	0.20952080796566774	0.24813285555575726
TCGA-BH-A18J-01A-11R-A12D-07	0.25063456269583695	0.17269173677680916
TCGA-BH-A18K-01A-11R-A12D-07	0.2705704526409668	0.1899749318655738
TCGA-BH-A18L-01A-32R-A12D-07	0.24871491008388869	0.04784375887914649
TCGA-BH-A18M-01A-11R-A12D-07	0.22265602770485737	0.23478380539985477
TCGA-BH-A18N-01A-11R-A12D-07	0.2055342381490014	0.0960118439248393
TCGA-BH-A18P-01A-11R-A12D-07	0.2773602626262013	0.15147069228726084
TCGA-BH-A18Q-01A-12R-A12D-07	0.18916745113660904	0.1667671812296092
TCGA-BH-A18R-01A-11R-A12D-07	0.2516302277301401	0.1297869597542901
TCGA-BH-A18S-01A-11R-A12D-07	0.2744054137765809	0.060268914735373214
TCGA-BH-A18T-01A-11R-A12D-07	0.15845518138957826	0.11646569310780042
TCGA-BH-A18U-01A-21R-A12D-07	0.2197546111411095	0.1585973476750574
TCGA-BH-A18V-01A-11R-A12D-07	0.17879985004207244	0.194371394395066
TCGA-BH-A1EN-01A-11R-A13Q-07	0.31441099158593533	0.12723272912226713
TCGA-BH-A1EO-01A-11R-A137-07	0.18908665109455813	0.27283017274304366
TCGA-BH-A1ES-01A-11R-A137-07	0.23553060214710908	0.1602095321145881
TCGA-BH-A1ET-01A-11R-A137-07	0.26282668086893923	0.1840103680648193
TCGA-BH-A1EU-01A-11R-A137-07	0.18858838416857848	0.27980976075434827
TCGA-BH-A1EV-01A-11R-A137-07	0.2618614244526123	0.16388399384613783
TCGA-BH-A1EW-01A-11R-A137-07	0.234650055452287	0.2047620564686864
TCGA-BH-A1EX-01A-11R-A13Q-07	0.2761456555424703	0.21213320673931624
TCGA-BH-A1EY-01A-11R-A13Q-07	0.25725886291751576	0.21823705853392716
TCGA-BH-A1F0-01A-11R-A137-07	0.15562066378537776	0.28124968743551915
TCGA-BH-A1F2-01A-31R-A13Q-07	0.2612840951198947	0.24757125821882509
TCGA-BH-A1F5-01A-12R-A13Q-07	0.2575373189764111	0.1402035531033624
TCGA-BH-A1F6-01A-11R-A13Q-07	0.19229345706455192	0.17567976060246504
TCGA-BH-A1F8-01A-11R-A13Q-07	0.2538652611513832	0.1427448180976595
TCGA-BH-A1FB-01A-11R-A13Q-07	0.2037023361203556	0.27893587677161547
TCGA-BH-A1FC-01A-11R-A13Q-07	0.12372376116376382	0.14280853494591284
TCGA-BH-A1FD-01A-11R-A13Q-07	0.2367035059833299	0.16524946072208235
TCGA-BH-A1FE-01A-11R-A13Q-07	0.21012898032518978	0.2626062117259005
TCGA-BH-A1FG-01A-11R-A13Q-07	0.24801464305278198	0.09109638543951482
TCGA-BH-A1FH-01A-12R-A13Q-07	0.21540487554404275	0.3064911909605056
TCGA-BH-A1FJ-01A-11R-A13Q-07	0.2810536064838124	0.07923764272851841
TCGA-BH-A1FL-01A-11R-A13Q-07	0.24058581768122123	0.13162289405629235
TCGA-BH-A1FM-01A-11R-A13Q-07	0.21752609385228971	0.20518807027968355
TCGA-BH-A1FN-01A-11R-A13Q-07	0.20708551207461068	0.1836758546114884
TCGA-BH-A1FR-01A-11R-A13Q-07	0.2256660464756629	0.11178361610154386
TCGA-BH-A1FU-01A-11R-A14D-07	0.22351137868764226	0.2589276750796369
TCGA-BH-A201-01A-11R-A14M-07	0.24380478709840536	0.21943026765151186
TCGA-BH-A202-01A-11R-A14M-07	0.22944062478415317	0.17007304840294835
TCGA-BH-A203-01A-12R-A169-07	0.22343188187207608	0.16037438093710443
TCGA-BH-A204-01A-11R-A157-07	0.21319199697303926	0.12606285815258933
TCGA-BH-A208-01A-11R-A157-07	0.21621113832923755	0.31492218950353834
TCGA-BH-A209-01A-11R-A157-07	0.19474612930873836	0.1739816325071506
TCGA-BH-A28O-01A-11R-A22K-07	0.2328581190358383	0.25268823975909105
TCGA-BH-A28Q-01A-11R-A16F-07	0.23208617454807356	0.18099826519767226
TCGA-BH-A2L8-01A-11R-A18M-07	0.19366488573527385	0.21843561801453115
TCGA-BH-A42T-01A-11R-A24H-07	0.2190282795803089	0.13691546737604754
TCGA-BH-A42U-01A-12R-A24H-07	0.21696874732567073	0.2235429679382006
TCGA-BH-A42V-01A-11R-A24H-07	0.22522338387969665	0.2191583597060578
TCGA-BH-A5IZ-01A-11R-A27Q-07	0.22221162747357814	0.11616600165293356
TCGA-BH-A5J0-01A-11R-A27Q-07	0.2482596496319036	0.2046864853230833
TCGA-BH-A6R8-01A-21R-A33J-07	0.2382508702294851	0.07901463375963114
TCGA-BH-A6R9-01A-21R-A32P-07	-0.024774118269541123	0.32615932249727075
TCGA-BH-A8FY-01A-11R-A36F-07	0.2711899196300227	0.03442802830065317
TCGA-BH-A8FZ-01A-11R-A352-07	0.23526170308243466	0.23986300136731908
TCGA-BH-A8G0-01A-11R-A352-07	0.2235800152825026	0.26106107815575286
TCGA-BH-AB28-01A-31R-A41B-07	0.26515858745887777	0.17596759775998227
TCGA-C8-A12K-01A-21R-A115-07	0.14281038184970407	0.19379164516531744
TCGA-C8-A12L-01A-11R-A115-07	0.2686534064819879	0.10347597634030425
TCGA-C8-A12M-01A-11R-A115-07	0.20382136413929053	0.0926604117960631
TCGA-C8-A12N-01A-11R-A115-07	0.21994748866084357	0.1945818081730194
TCGA-C8-A12O-01A-11R-A115-07	0.24435387985728807	0.21476708343165607
TCGA-C8-A12P-01A-11R-A115-07	0.26298089600296093	0.18212923925417213
TCGA-C8-A12Q-01A-11R-A115-07	0.2645143591666127	0.18564626109904891
TCGA-C8-A12T-01A-11R-A115-07	0.2248176460341298	0.19843371391801934
TCGA-C8-A12U-01A-11R-A115-07	0.2279419143267597	0.03981877002033385
TCGA-C8-A12V-01A-11R-A115-07	0.11560639779945858	0.21406175273936145
TCGA-C8-A12W-01A-11R-A115-07	0.24233257557953403	0.19920831816045015
TCGA-C8-A12X-01A-11R-A115-07	0.2456075837355597	0.09440151171926947
TCGA-C8-A12Y-01A-11R-A12D-07	0.248719254172171	0.13222412919998683
TCGA-C8-A12Z-01A-11R-A115-07	0.28696330418305294	0.11737439908899727
TCGA-C8-A130-01A-31R-A115-07	0.2153075679665193	0.1547150652930993
TCGA-C8-A131-01A-11R-A115-07	0.27227898256239524	0.1743535610864908
TCGA-C8-A132-01A-31R-A115-07	0.24585259031468143	0.23236923320848046
TCGA-C8-A133-01A-32R-A12D-07	0.25197949242803697	-0.022783774282324143
TCGA-C8-A134-01A-11R-A115-07	0.15243688148328027	0.15592790809066914
TCGA-C8-A135-01A-11R-A115-07	0.23643721337162493	0.1967152112491355
TCGA-C8-A137-01A-11R-A115-07	0.28195587362004604	0.13827871157123894
TCGA-C8-A138-01A-11R-A115-07	0.26666251082220993	0.21104927942542218
TCGA-C8-A1HE-01A-11R-A13Q-07	0.28313399036220577	0.1144123065387933
TCGA-C8-A1HF-01A-11R-A137-07	0.196345622614281	0.19685783326412154
TCGA-C8-A1HG-01A-11R-A137-07	0.15345600459430775	0.15339034756429382
TCGA-C8-A1HI-01A-11R-A137-07	0.2741365147119066	0.15198598377517136
TCGA-C8-A1HJ-01A-11R-A13Q-07	0.13729165209587058	0.15530592792661302
TCGA-C8-A1HK-01A-21R-A13Q-07	0.2873364613665025	0.11417336835784275
TCGA-C8-A1HL-01A-11R-A137-07	0.29001502620136843	0.17969281070205967
TCGA-C8-A1HM-01A-12R-A137-07	0.23005270682312906	0.10500962605989461
TCGA-C8-A1HN-01A-11R-A137-07	0.23861012633043133	0.10296105529918576
TCGA-C8-A1HO-01A-11R-A13Q-07	0.23313874713887495	0.09588403978154003
TCGA-C8-A26V-01A-11R-A16F-07	0.26305257345961885	0.11809343631260227
TCGA-C8-A26W-01A-11R-A16F-07	0.24614885713553425	0.17586498399855077
TCGA-C8-A26X-01A-31R-A16F-07	0.21134011213829496	0.22746859259484264
TCGA-C8-A26Y-01A-11R-A16F-07	0.2813655120224815	0.05962063284907293
TCGA-C8-A26Z-01A-11R-A16F-07	0.2762538233406995	0.12969953431133752
TCGA-C8-A273-01A-11R-A16F-07	0.2589044035588509	0.1513580764624406
TCGA-C8-A274-01A-11R-A16F-07	0.2934833462859565	0.07161940444751014
TCGA-C8-A275-01A-21R-A16F-07	0.30084483828914166	0.15263130208713438
TCGA-C8-A278-01A-11R-A169-07	0.2170452032794391	0.20936078294670413
TCGA-C8-A27A-01A-11R-A169-07	0.23144889679706027	0.07730205823942193
TCGA-C8-A27B-01A-11R-A169-07	0.19052063463654534	0.13148286516885155
TCGA-C8-A3M7-01A-12R-A21T-07	0.26144439197751146	0.23307197077322994
TCGA-C8-A3M8-01A-11R-A213-07	0.2718132962985327	0.12898531289603077
TCGA-C8-A8HP-01A-11R-A36F-07	0.2673310660088559	0.1563805940707027
TCGA-C8-A8HQ-01A-11R-A36F-07	0.2709149388417531	0.19681967724452787
TCGA-C8-A8HR-01A-11R-A36F-07	0.20871020109219074	0.28355201424886545
TCGA-D8-A13Y-01A-11R-A115-07	0.18477079938609342	0.07983628474466775
TCGA-D8-A13Z-01A-11R-A115-07	0.2841361715289322	0.1843511791136171
TCGA-D8-A140-01A-11R-A115-07	0.23798761847957772	0.13789085377983523
TCGA-D8-A141-01A-11R-A115-07	0.18123992443024028	0.26903864982516756
TCGA-D8-A142-01A-11R-A115-07	0.1987505098873622	0.22541001977074526
TCGA-D8-A143-01A-11R-A115-07	0.2161633533581323	0.12406503860240792
TCGA-D8-A145-01A-11R-A115-07	0.24713322754030342	0.23180541319079528
TCGA-D8-A146-01A-31R-A115-07	0.25719587363742247	0.22796128682843086
TCGA-D8-A147-01A-11R-A115-07	0.17123809556907332	0.17163929744024975
TCGA-D8-A1J8-01A-11R-A13Q-07	0.2641008019621378	0.1917334427880122
TCGA-D8-A1J9-01A-11R-A13Q-07	0.2976684409371242	0.18760407239567567
TCGA-D8-A1JA-01A-11R-A13Q-07	0.2939103701641067	0.17775129906428855
TCGA-D8-A1JB-01A-11R-A13Q-07	0.2553257436318924	0.2129426329802111
TCGA-D8-A1JC-01A-11R-A13Q-07	0.25314457690534975	0.1821322028285094
TCGA-D8-A1JD-01A-11R-A13Q-07	0.22561304859861886	0.20951081389753368
TCGA-D8-A1JE-01A-11R-A13Q-07	0.22722296771603911	0.21268146799173016
TCGA-D8-A1JF-01A-11R-A13Q-07	0.25622062581804617	0.1840948299334344
TCGA-D8-A1JG-01B-11R-A13Q-07	0.2642780407640556	0.17483143744839214
TCGA-D8-A1JH-01A-11R-A13Q-07	0.2364493768188155	0.2412669947096494
TCGA-D8-A1JI-01A-11R-A13Q-07	0.21877588805110737	0.06106130042382818
TCGA-D8-A1JJ-01A-31R-A14M-07	0.253626770704685	0.2042997388720562
TCGA-D8-A1JK-01A-11R-A13Q-07	0.23283422655028563	0.21326714437015337
TCGA-D8-A1JL-01A-11R-A13Q-07	0.14410578897548587	0.22166517314868295
TCGA-D8-A1JM-01A-11R-A13Q-07	0.19881827766456606	0.04982231519613489
TCGA-D8-A1JN-01A-11R-A13Q-07	0.26716121215701794	0.02712022443148454
TCGA-D8-A1JP-01A-11R-A13Q-07	0.21324238839711396	0.22334774247872613
TCGA-D8-A1JS-01A-11R-A13Q-07	0.2731664797984691	0.011239540897881595
TCGA-D8-A1JT-01A-31R-A13Q-07	0.249652364335209	0.07504900084943444
TCGA-D8-A1JU-01A-11R-A13Q-07	0.19332778448456744	0.29617795226644905
TCGA-D8-A1X5-01A-11R-A14D-07	0.26414858693324317	0.1745598999497303
TCGA-D8-A1X6-01A-11R-A14M-07	0.21348782938506394	0.09155759169576838
TCGA-D8-A1X7-01A-11R-A14M-07	0.24885522413540695	0.15124212661649084
TCGA-D8-A1X8-01A-11R-A14M-07	0.23100884065406335	0.20569224836382904
TCGA-D8-A1X9-01A-12R-A157-07	0.2468916962318075	0.19375793450722978
TCGA-D8-A1XA-01A-11R-A14D-07	0.2397908495255604	0.13268792858378564
TCGA-D8-A1XB-01A-11R-A14D-07	0.22459653194056073	0.20249751522814152
TCGA-D8-A1XC-01A-11R-A14D-07	0.25397082249664316	0.02463008109450726
TCGA-D8-A1XD-01A-11R-A14D-07	0.1878286031280042	0.17150890016940534
TCGA-D8-A1XF-01A-11R-A14D-07	0.2379076872551834	0.03985173978483714
TCGA-D8-A1XG-01A-11R-A14D-07	0.24270529835415533	0.11572183594911989
TCGA-D8-A1XJ-01A-11R-A14M-07	0.274207323350908	0.14330641543459155
TCGA-D8-A1XK-01A-21R-A14M-07	0.12678069608801812	0.13710439524005502
TCGA-D8-A1XL-01A-11R-A14M-07	0.21783408971150475	0.12291331952554663
TCGA-D8-A1XM-01A-21R-A14M-07	0.22832853818388432	0.23523019378442145
TCGA-D8-A1XO-01A-11R-A14M-07	0.2352317288732868	0.20114723667067613
TCGA-D8-A1XQ-01A-11R-A14M-07	0.16219370376532538	0.19386240050262227
TCGA-D8-A1XR-01A-11R-A14M-07	0.2654843940800503	0.10854183622325042
TCGA-D8-A1XS-01A-11R-A14M-07	0.2310514127192298	0.1793382931219515
TCGA-D8-A1XT-01A-11R-A14M-07	0.19820749885207467	0.2212073009135589
TCGA-D8-A1XU-01A-11R-A14M-07	0.2729040968662182	0.1856633016514888
TCGA-D8-A1XV-01A-11R-A14M-07	0.238445050975704	0.04765371967476262
TCGA-D8-A1XW-01A-11R-A14M-07	0.19454673565658076	0.20569669372533528
TCGA-D8-A1XY-01A-11R-A14M-07	0.2627671668594719	0.21223396826678687
TCGA-D8-A1XZ-01A-11R-A14M-07	0.2120282157222112	0.1796920698084753
TCGA-D8-A1Y0-01A-11R-A14M-07	0.21552651001594714	0.22696404406390502
TCGA-D8-A1Y1-01A-21R-A14M-07	0.2376470419582455	0.21818482553623098
TCGA-D8-A1Y2-01A-11R-A157-07	0.1975359028036312	0.263738667569569
TCGA-D8-A1Y3-01A-11R-A157-07	0.19676873681297702	0.09466045402699741
TCGA-D8-A27E-01A-11R-A16F-07	0.22703095901396153	0.08391342213930797
TCGA-D8-A27F-01A-11R-A16F-07	0.15967630460573268	0.1974653660032829
TCGA-D8-A27G-01A-11R-A16F-07	0.23397672176853046	0.22342479541149785
TCGA-D8-A27H-01A-11R-A16F-07	0.18097015654790938	0.22181594499309665
TCGA-D8-A27I-01A-11R-A16F-07	0.20948996493886352	0.27537143773734063
TCGA-D8-A27K-01A-11R-A16F-07	0.24741559327865292	0.19001605145950484
TCGA-D8-A27L-01A-11R-A16F-07	0.24459758320992497	0.2361718695301216
TCGA-D8-A27M-01A-11R-A16F-07	0.18981949878778226	0.2578359683831072
TCGA-D8-A27N-01A-11R-A16F-07	0.27267081932545867	0.21654374624691097
TCGA-D8-A27P-01A-11R-A16F-07	0.26959911450104457	0.14011131185211168
TCGA-D8-A27R-01A-11R-A16F-07	0.2635317263971565	0.1595160557196429
TCGA-D8-A27T-01A-11R-A16F-07	0.20860985265286958	0.24186971164051252
TCGA-D8-A27V-01A-12R-A17B-07	0.2888642772153873	0.19673188135478326
TCGA-D8-A27W-01A-11R-A16F-07	0.24641732179138043	0.16417442413120042
TCGA-D8-A3Z5-01A-41R-A24H-07	0.27653054176428193	0.14363129727132595
TCGA-D8-A3Z6-01A-11R-A239-07	0.29494165672232453	0.14473893317991904
TCGA-D8-A4Z1-01A-21R-A266-07	0.2319562863084328	0.21945508758658727
TCGA-D8-A73U-01A-11R-A33J-07	0.21269677090885708	0.24102472250756912
TCGA-D8-A73W-01A-22R-A352-07	0.25646606680599615	0.19232134184718852
TCGA-D8-A73X-01A-11R-A32P-07	0.253679768581729	0.17094470970492803
TCGA-E2-A105-01A-11R-A10J-07	0.20560200592620526	0.07323788648250773
TCGA-E2-A106-01A-11R-A10J-07	0.2979334303223443	0.06632497889379396
TCGA-E2-A107-01A-11R-A10J-07	0.30056985750087206	0.06986719112053852
TCGA-E2-A108-01A-13R-A10J-07	0.16082097186811872	0.3183873487975112
TCGA-E2-A109-01A-11R-A10J-07	0.2553726597853412	0.13794123454357066
TCGA-E2-A10A-01A-21R-A115-07	0.258842283096414	0.12618362380683723
TCGA-E2-A10B-01A-11R-A10J-07	0.24067878117046249	0.16961591706140866
TCGA-E2-A10C-01A-21R-A10J-07	0.28833560167143146	0.12707047342729594
TCGA-E2-A10E-01A-21R-A10J-07	0.25743088881349474	0.14287373358133504
TCGA-E2-A10F-01A-11R-A10J-07	0.21332101639502354	0.22738005581151366
TCGA-E2-A14N-01A-31R-A137-07	0.16242003076483325	0.11304646921605677
TCGA-E2-A14O-01A-31R-A115-07	0.25817807199805043	0.08702332295958837
TCGA-E2-A14P-01A-31R-A12D-07	0.2496975428533449	0.11610413703864098
TCGA-E2-A14Q-01A-11R-A12D-07	0.2776200391054827	0.15714149178182313
TCGA-E2-A14R-01A-11R-A115-07	0.17962435799805299	0.11294385545462526
TCGA-E2-A14S-01A-11R-A12D-07	0.20846997301017955	0.09443633371773363
TCGA-E2-A14T-01A-11R-A115-07	0.2703332654207532	0.10786465948716084
TCGA-E2-A14U-01A-11R-A22K-07	0.2658571168546716	0.09302752456710517
TCGA-E2-A14V-01A-11R-A12D-07	0.29322009453604914	0.12020016721968207
TCGA-E2-A14W-01A-11R-A12D-07	0.2527388390597829	0.07798293944343337
TCGA-E2-A14X-01A-11R-A115-07	0.1931383822354592	0.17250651338072343
TCGA-E2-A14Y-01A-21R-A12D-07	0.25235742810859696	0.09827749650576056
TCGA-E2-A14Z-01A-11R-A115-07	0.1961501386415775	0.1968745033697693
TCGA-E2-A150-01A-11R-A12D-07	0.19032558507267017	0.16815783848742127
TCGA-E2-A152-01A-11R-A12D-07	0.27488022262583633	0.20891439456213734
TCGA-E2-A153-01A-12R-A12D-07	0.2470963027899038	0.24993322696571107
TCGA-E2-A154-01A-11R-A115-07	0.2589756466066806	0.1455613250585398
TCGA-E2-A155-01A-11R-A12D-07	0.2655903898341384	0.07956734037355107
TCGA-E2-A156-01A-11R-A12D-07	0.23060440603498122	0.02792816888521077
TCGA-E2-A158-01A-11R-A12D-07	0.16792703148030463	0.06143396989675276
TCGA-E2-A159-01A-11R-A115-07	0.25567370510330456	0.1804036980962369
TCGA-E2-A15A-01A-11R-A12D-07	0.25234873993203244	0.15333107607754637
TCGA-E2-A15C-01A-31R-A12D-07	0.26364641032780933	0.18518320260883447
TCGA-E2-A15D-01A-11R-A115-07	0.24403849904799302	0.17917900100131767
TCGA-E2-A15E-01A-11R-A12D-07	0.24572270207504066	0.16563954119423896
TCGA-E2-A15F-01A-11R-A115-07	0.24059884994606817	0.1284707623017045
TCGA-E2-A15G-01A-11R-A12D-07	0.26619856219366034	0.07785995110843236
TCGA-E2-A15H-01A-11R-A12D-07	0.2803294469671531	0.13288648806438963
TCGA-E2-A15I-01A-21R-A137-07	0.23299408899907426	0.1737712187291971
TCGA-E2-A15J-01A-11R-A12P-07	0.2652167982418605	0.08346777464832567
TCGA-E2-A15K-01A-11R-A12P-07	0.2777025767828464	0.13974790354899136
TCGA-E2-A15L-01A-11R-A12D-07	0.2538357213510636	0.1749785048248842
TCGA-E2-A15M-01A-11R-A12D-07	0.207194114281668	0.2771436551910894
TCGA-E2-A15O-01A-11R-A115-07	0.2502027603205763	0.07831708244997215
TCGA-E2-A15P-01A-11R-A115-07	0.24891734459784387	0.16057405175808492
TCGA-E2-A15R-01A-11R-A115-07	0.207730609184532	0.08159035030560013
TCGA-E2-A15S-01A-11R-A115-07	0.23745416443851142	0.04846351636244961
TCGA-E2-A15T-01A-11R-A115-07	0.26262120549318657	0.06723850068328907
TCGA-E2-A1AZ-01A-11R-A12P-07	0.10023744786551048	0.2384134430695517
TCGA-E2-A1B0-01A-11R-A12P-07	0.2711521260619667	0.2070058526888695
TCGA-E2-A1B1-01A-21R-A12P-07	0.27161042737574925	0.28442404599763726
TCGA-E2-A1B4-01A-11R-A12P-07	0.25389827622232863	0.10198863246973544
TCGA-E2-A1B5-01A-21R-A12P-07	0.2092106400623116	0.23092152714467395
TCGA-E2-A1B6-01A-31R-A12P-07	0.14175303076179235	0.17255467146370562
TCGA-E2-A1BC-01A-11R-A12P-07	0.21445699548084496	0.22189633194699798
TCGA-E2-A1BD-01A-11R-A12P-07	0.2458786548443752	0.14106410100157696
TCGA-E2-A1IE-01A-11R-A13Q-07	0.2724514428672026	0.08450761879395119
TCGA-E2-A1IF-01A-11R-A144-07	0.2675439263346886	0.21015613220949658
TCGA-E2-A1IG-01A-11R-A144-07	0.23188026476349255	0.19360456953527083
TCGA-E2-A1IH-01A-11R-A13Q-07	0.18828125712701982	0.282871133044854
TCGA-E2-A1II-01A-11R-A144-07	0.11996221512012051	0.15679660581831145
TCGA-E2-A1IJ-01A-11R-A144-07	0.23868484464888695	0.2630507478765064
TCGA-E2-A1IK-01A-11R-A144-07	0.24849900889625842	0.09458673511535531
TCGA-E2-A1IL-01A-11R-A14D-07	0.2472579028740054	0.16985596658273583
TCGA-E2-A1IN-01A-11R-A13Q-07	0.2344936682741242	0.2120794919544513
TCGA-E2-A1IO-01A-11R-A144-07	0.22336237645955936	0.24962612657500083
TCGA-E2-A1IU-01A-11R-A14D-07	0.27108001419648053	0.11467050795293698
TCGA-E2-A1L6-01A-11R-A13Q-07	0.2416153666041263	0.17737825914457162
TCGA-E2-A1L7-01A-11R-A144-07	0.19187772781593582	0.1646934200870328
TCGA-E2-A1L8-01A-11R-A13Q-07	0.2329819255518838	0.19491113537125992
TCGA-E2-A1L9-01A-11R-A13Q-07	0.22936503764804117	0.22646208866051254
TCGA-E2-A1LA-01A-11R-A144-07	0.2259379864021348	0.17062612546366052
TCGA-E2-A1LB-01A-11R-A144-07	0.28241243729851573	0.13968011178602402
TCGA-E2-A1LE-01A-12R-A19W-07	0.21689011932776103	0.22084055858930896
TCGA-E2-A1LG-01A-21R-A14M-07	0.2542497129643668	0.04358954791784819
TCGA-E2-A1LH-01A-11R-A14D-07	0.16985797872178676	0.19492336011540157
TCGA-E2-A1LI-01A-12R-A157-07	0.17496749535942768	0.11977378296189245
TCGA-E2-A1LK-01A-21R-A14D-07	0.1812138599005464	0.05364273296380029
TCGA-E2-A1LL-01A-11R-A144-07	0.17978595808215447	0.12133706842485659
TCGA-E2-A1LS-01A-12R-A157-07	0.187654405187884	0.11473681792873558
TCGA-E2-A2P5-01A-11R-A19W-07	0.23062438884107972	0.14536647004585768
TCGA-E2-A2P6-01A-11R-A19W-07	0.29458066298606544	0.09734878639778655
TCGA-E2-A3DX-01A-21R-A213-07	0.21941186257563605	0.2843410659161909
TCGA-E2-A56Z-01A-12R-A29R-07	0.25409680105682986	0.08000706071585884
TCGA-E2-A570-01A-11R-A29R-07	0.217383173347802	0.18991454903844973
TCGA-E2-A572-01A-13R-A31O-07	0.25000814516552927	0.029723724486866332
TCGA-E2-A573-01A-11R-A29R-07	0.19212143116857272	0.15310954889582784
TCGA-E2-A574-01A-11R-A29R-07	0.23037590699133226	0.06531217736399697
TCGA-E2-A576-01A-11R-A31O-07	0.24505110602659708	0.0897801879869291
TCGA-E2-A9RU-01A-11R-A41B-07	0.23874435865835442	0.13764006130153517
TCGA-E9-A1N3-01A-12R-A157-07	0.23680993614624624	0.0602559490976472
TCGA-E9-A1N4-01A-11R-A14M-07	0.18541459326953025	0.2260194047438675
TCGA-E9-A1N5-01A-11R-A14D-07	0.22188321439943626	0.2161062485853562
TCGA-E9-A1N6-01A-11R-A144-07	0.2033339574340166	0.19746351376932203
TCGA-E9-A1N8-01A-11R-A144-07	0.14528781539709956	0.11681946979432423
TCGA-E9-A1N9-01A-11R-A14D-07	0.19534257262989807	0.1889313832520264
TCGA-E9-A1NA-01A-11R-A144-07	0.19946815327159806	0.18225370937634167
TCGA-E9-A1NC-01A-21R-A26B-07	0.1972891585891966	0.22092168643679455
TCGA-E9-A1ND-01A-11R-A144-07	0.20136782307744772	0.1716367043127045
TCGA-E9-A1NE-01A-21R-A14M-07	0.20472840977263485	0.24554232113810148
TCGA-E9-A1NF-01A-11R-A14D-07	0.18937336092119006	0.2774555713900979
TCGA-E9-A1NG-01A-21R-A14M-07	0.22542929366427755	0.2837435352404182
TCGA-E9-A1NH-01A-11R-A14D-07	0.23621392723391477	0.22082537027082993
TCGA-E9-A1NI-01A-11R-A14D-07	0.24930136200199915	0.17116586643985443
TCGA-E9-A1QZ-01A-21R-A169-07	0.18202533559168	0.2365234235358925
TCGA-E9-A1R0-01A-22R-A16F-07	0.22379591647013286	0.20413563094312415
TCGA-E9-A1R2-01A-11R-A14D-07	0.22145966579191212	0.14675972043121488
TCGA-E9-A1R3-01A-31R-A14M-07	0.26504911643416385	0.20618086768270338
TCGA-E9-A1R4-01A-21R-A14D-07	0.2511610661956517	0.1685671821927709
TCGA-E9-A1R5-01A-11R-A14M-07	0.23560488605673635	0.18581666662344787
TCGA-E9-A1R6-01A-11R-A14D-07	0.22434457482018733	0.11540806751615051
TCGA-E9-A1R7-01A-11R-A14M-07	0.2510811349712574	0.10340188698187003
TCGA-E9-A1RA-01A-11R-A14D-07	0.2560364364748766	0.15932860964280404
TCGA-E9-A1RB-01A-11R-A157-07	0.20618802343548748	0.15020783917274783
TCGA-E9-A1RC-01A-11R-A157-07	0.2621042589875928	0.13055785952879917
TCGA-E9-A1RD-01A-11R-A157-07	0.2546884658808791	0.1309697963616938
TCGA-E9-A1RE-01A-11R-A157-07	0.22500226978612747	0.11610821195335486
TCGA-E9-A1RF-01A-11R-A157-07	0.2327582050053454	0.18903881282175616
TCGA-E9-A1RG-01A-11R-A14D-07	0.23562400004517847	0.11446194640894436
TCGA-E9-A1RH-01A-21R-A169-07	0.18917049199840663	0.17439653291438273
TCGA-E9-A1RI-01A-11R-A169-07	0.226318094126836	0.23809745195582932
TCGA-E9-A226-01A-21R-A157-07	0.24110232977798673	0.2043156680841196
TCGA-E9-A227-01A-11R-A157-07	0.24956591697839126	0.20696473309493846
TCGA-E9-A228-01A-31R-A157-07	0.227307677437544	0.11229149865361121
TCGA-E9-A229-01A-31R-A157-07	0.2245322394339827	0.23492272294691907
TCGA-E9-A22A-01A-11R-A157-07	0.21441398900685016	0.26416542227415063
TCGA-E9-A22B-01A-11R-A157-07	0.23805799270975103	0.2038381621690104
TCGA-E9-A22D-01A-11R-A157-07	0.2314892968180856	0.1624925956947414
TCGA-E9-A22E-01A-11R-A157-07	0.17746230525995244	0.29366298899439625
TCGA-E9-A22G-01A-11R-A157-07	0.14249543544923737	0.08295359450079143
TCGA-E9-A22H-01A-11R-A157-07	0.24549594066670466	0.09226255194127087
TCGA-E9-A243-01A-21R-A169-07	0.1894767502223088	0.25652977299391033
TCGA-E9-A244-01A-11R-A169-07	0.19050282387458795	0.17930161888952656
TCGA-E9-A245-01A-22R-A16F-07	0.24905983069350335	0.08548226430415462
TCGA-E9-A247-01A-11R-A169-07	0.22095314509819597	0.09686720556796347
TCGA-E9-A248-01A-11R-A169-07	0.25404945049455274	0.17791725922718127
TCGA-E9-A249-01A-11R-A169-07	0.24682914136054235	0.08656730295842507
TCGA-E9-A24A-01A-11R-A169-07	0.2591059692551496	0.19155118296626383
TCGA-E9-A295-01A-11R-A16F-07	0.24379132042473017	0.18439526228188552
TCGA-E9-A2JS-01A-11R-A180-07	0.23309921593550598	0.12778358350222618
TCGA-E9-A2JT-01A-22R-A18M-07	0.12100523071670066	0.24323332628249605
TCGA-E9-A3HO-01A-11R-A213-07	0.21467202785081885	0.11337838954184254
TCGA-E9-A3Q9-01A-11R-A21T-07	0.2334584720364522	0.1435227563612197
TCGA-E9-A3QA-01A-61R-A22K-07	0.17671381884891213	0.18065967682962747
TCGA-E9-A3X8-01A-31R-A22U-07	0.21143307562753622	0.19828775788190378
TCGA-E9-A54X-01A-11R-A266-07	0.27152224238361866	-0.058493733707287
TCGA-E9-A54Y-01A-11R-A466-07	0.26159773829387667	-0.03081135626868209
TCGA-E9-A5FK-01A-11R-A27Q-07	0.21253473641592735	0.2084798604749203
TCGA-E9-A5FL-01A-11R-A27Q-07	0.20477358829077064	0.1808886129471895
TCGA-E9-A5UO-01A-11R-A28M-07	0.2565221055448377	-0.005632087804780472
TCGA-E9-A5UP-01A-11R-A28M-07	0.29293034384761985	-0.025000157439886705
TCGA-E9-A6HE-01A-11R-A31O-07	0.2263871651305246	0.16633635161031368
TCGA-EW-A1IW-01A-11R-A13Q-07	0.2519916558752273	0.209997210535655
TCGA-EW-A1IX-01A-12R-A144-07	0.23365134955618627	0.22048863413674602
TCGA-EW-A1IY-01A-11R-A13Q-07	0.21699524626419275	0.23227106480855497
TCGA-EW-A1IZ-01A-11R-A13Q-07	0.25133613295342827	0.15305509321737854
TCGA-EW-A1J1-01A-11R-A13Q-07	0.24848119813430103	0.09933512209741047
TCGA-EW-A1J2-01A-21R-A13Q-07	0.24698987262698746	0.24321258126213452
TCGA-EW-A1J3-01A-11R-A13Q-07	0.25214630541807725	0.1442866176466775
TCGA-EW-A1J5-01A-11R-A13Q-07	0.22069554066305552	0.1609841363570188
TCGA-EW-A1J6-01A-11R-A13Q-07	0.19529695970293381	0.11525951835248971
TCGA-EW-A1OV-01A-11R-A144-07	0.1723328058162129	0.20837835805386518
TCGA-EW-A1OW-01A-21R-A144-07	0.13473515614173714	0.21761063300836503
TCGA-EW-A1OX-01A-11R-A144-07	0.2639874212579698	0.005695804653033987
TCGA-EW-A1OY-01A-11R-A144-07	0.248728811166392	0.11659090412355433
TCGA-EW-A1OZ-01A-11R-A144-07	0.23377732811637286	0.16636821003444036
TCGA-EW-A1P0-01A-11R-A144-07	0.22249790289138172	0.12756872436276667
TCGA-EW-A1P1-01A-31R-A14D-07	0.1812264577565651	0.31720636442406824
TCGA-EW-A1P3-01A-11R-A144-07	0.2524425722389301	0.15707332957206355
TCGA-EW-A1P4-01A-21R-A144-07	0.16920289020881596	0.18157505085308345
TCGA-EW-A1P5-01A-11R-A144-07	0.23923915031370835	0.11591224560029612
TCGA-EW-A1P6-01A-11R-A144-07	0.25275925627470974	0.1614157068698987
TCGA-EW-A1P7-01A-21R-A144-07	0.1355683522742822	0.28160976171750995
TCGA-EW-A1P8-01A-11R-A144-07	0.15686915475771068	0.1626752259632821
TCGA-EW-A1PA-01A-11R-A144-07	0.2252081795707085	0.15957940212110422
TCGA-EW-A1PB-01A-11R-A144-07	0.17324419553783943	0.13214929894796812
TCGA-EW-A1PC-01B-11R-A21T-07	0.2510833070153985	0.0986901742322398
TCGA-EW-A1PD-01A-11R-A144-07	0.26188010403222617	0.19998107016891997
TCGA-EW-A1PE-01A-11R-A144-07	0.27801491673034373	0.1834280257075256
TCGA-EW-A1PF-01A-11R-A144-07	0.26252780759511707	0.21588546229722205
TCGA-EW-A1PG-01A-11R-A144-07	0.22223682318561544	0.23260817138943102
TCGA-EW-A1PH-01A-11R-A14M-07	0.19276088096372723	0.14911539158263387
TCGA-EW-A2FR-01A-11R-A21T-07	0.2302859843638887	0.2652537949495507
TCGA-EW-A2FS-01A-11R-A17B-07	0.25279704984276574	0.160950055252139
TCGA-EW-A2FV-01A-11R-A17B-07	0.28078123214851214	0.20810867278916434
TCGA-EW-A2FW-01A-11R-A17B-07	0.23437377143753269	0.11215591512767642
TCGA-EW-A3E8-01B-11R-A24H-07	0.2212107495333363	0.20741112147950513
TCGA-EW-A3U0-01A-11R-A22K-07	0.09138810562563782	0.26064765953568936
TCGA-EW-A423-01A-11R-A24H-07	0.2918929755658066	0.06194555691674175
TCGA-EW-A424-01A-11R-A24H-07	0.23731776006644723	0.1603314091092125
TCGA-EW-A6S9-01A-22R-A33J-07	0.26374849640244324	0.1719623270430234
TCGA-EW-A6SA-01A-21R-A32P-07	0.20596213084480786	0.034585097740533866
TCGA-EW-A6SB-01A-12R-A32P-07	0.1428095130320477	0.099981922196542
TCGA-EW-A6SC-01A-12R-A32P-07	0.23051144254573996	0.21673786036600884
TCGA-EW-A6SD-01A-12R-A33J-07	0.2529677725122601	0.13909110138647118
TCGA-GI-A2C8-01A-11R-A16F-07	0.23001882293452713	0.23860385272072804
TCGA-GI-A2C9-01A-11R-A21T-07	0.19993557717077348	0.20864100482951486
TCGA-GM-A2D9-01A-11R-A18M-07	0.27604139742369493	0.1634809477362552
TCGA-GM-A2DA-01A-11R-A18M-07	0.23067391144749805	0.23987967147296685
TCGA-GM-A2DB-01A-31R-A18M-07	0.2761026490684755	0.10694706278295185
TCGA-GM-A2DC-01A-11R-A18M-07	0.25446865501379456	0.08107320658372852
TCGA-GM-A2DD-01A-11R-A180-07	0.2049682034458178	0.2360618468328466
TCGA-GM-A2DF-01A-11R-A180-07	0.15539477119469813	0.19737534743278518
TCGA-GM-A2DH-01A-11R-A180-07	0.20574058234241066	0.1514425383310557
TCGA-GM-A2DI-01A-31R-A18M-07	0.20181873944115036	0.2711213016907562
TCGA-GM-A2DK-01A-21R-A180-07	0.2550546725230769	0.20942042488024382
TCGA-GM-A2DL-01A-11R-A18M-07	0.23615354440679082	0.23214585379280095
TCGA-GM-A2DM-01A-11R-A180-07	0.25457117549725694	0.07984480502088764
TCGA-GM-A2DN-01A-11R-A180-07	0.2672858874907199	0.1836173240183252
TCGA-GM-A2DO-01A-11R-A18M-07	0.1795183622439649	0.1454746405091717
TCGA-GM-A3NW-01A-21R-A22K-07	0.24741081478154225	0.1239920605843502
TCGA-GM-A3NY-01A-11R-A21T-07	0.2643340795028972	0.14125525154633745
TCGA-GM-A3XG-01A-31R-A24H-07	0.24436300244268094	0.13634053395459722
TCGA-GM-A3XL-01A-11R-A22U-07	0.18429208085738402	0.07844118212534956
TCGA-GM-A3XN-01A-12R-A22U-07	0.20508940350889382	0.2359177430306919
TCGA-GM-A4E0-01A-12R-A266-07	0.1798576355388125	0.2787910320758764
TCGA-GM-A5PV-01A-11R-A28M-07	0.2703975579273312	0.08115025951650023
TCGA-GM-A5PX-01A-12R-A28M-07	0.22450356845131947	0.21357165163331848
TCGA-HN-A2NL-01A-11R-A18M-07	0.07638188706326166	0.12140411929423955
TCGA-HN-A2OB-01A-21R-A27Q-07	0.230677821126952	0.2532153855443512
TCGA-JL-A3YW-01A-12R-A239-07	0.2233028624500919	0.24978097333412863
TCGA-JL-A3YX-01A-11R-A22U-07	0.26701872606135857	0.12419469497966806
TCGA-LD-A66U-01A-11R-A31O-07	0.2405814735929389	0.1748514415751693
TCGA-LD-A74U-01A-13R-A33J-07	0.24770143428762814	0.24031050109226237
TCGA-LD-A7W5-01A-22R-A352-07	0.21429409217025874	0.20824129274076175
TCGA-LD-A7W6-01A-81R-A352-07	0.25297124778288593	0.1514180888427724
TCGA-LD-A9QF-01A-32R-A41B-07	0.23115914610863086	0.2589310091007663
TCGA-LL-A440-01A-11R-A24H-07	0.17113991917389348	0.3049123467322703
TCGA-LL-A441-01A-11R-A24H-07	0.13294148208997558	0.21341013683193166
TCGA-LL-A442-01A-11R-A24H-07	0.23372954314526762	0.05477111389275491
TCGA-LL-A50Y-01A-11R-A266-07	0.26103040036420844	0.0882298681616911
TCGA-LL-A5YL-01A-12R-A29R-07	0.27929902922659156	0.1518826291201555
TCGA-LL-A5YM-01A-11R-A28M-07	0.22495926331213267	0.10420390428692139
TCGA-LL-A5YN-01A-11R-A28M-07	0.24814279365710978	0.13790678299189862
TCGA-LL-A5YO-01A-21R-A28M-07	0.21137138957392743	0.18272380635560748
TCGA-LL-A5YP-01A-21R-A28M-07	0.1433490487967093	0.2500384338546878
TCGA-LL-A6FP-01A-11R-A31O-07	0.2768693806503013	0.002336963588414287
TCGA-LL-A6FQ-01A-11R-A31O-07	0.2502835603626271	0.09361505317948926
TCGA-LL-A6FR-01A-12R-A31O-07	0.19901028636664364	0.1594638227219467
TCGA-LL-A73Y-01A-11R-A33J-07	0.15833224369118915	0.24398422193022784
TCGA-LL-A73Z-01A-11R-A32P-07	0.24645468095060818	0.21416621873475372
TCGA-LL-A740-01A-21R-A32P-07	0.25503425530815005	0.19909199786770826
TCGA-LL-A7SZ-01A-32R-A352-07	0.21302474957417072	0.15660397348638222
TCGA-LL-A7T0-01A-31R-A352-07	0.24311494587917615	0.10343115227845145
TCGA-LL-A8F5-01A-11R-A36F-07	0.11409769593901598	0.1566091597414726
TCGA-LL-A9Q3-01A-11R-A41B-07	0.2726755978225691	0.12508043325975027
TCGA-LQ-A4E4-01A-11R-A266-07	0.27560698859546506	0.11170952674310963
TCGA-MS-A51U-01A-31R-A266-07	0.24542686966301608	0.21787402067759898
TCGA-OK-A5Q2-01A-11R-A27Q-07	0.26336230695414686	0.20435715812484279
TCGA-OL-A5D6-01A-21R-A27Q-07	0.26801699754863106	0.19384424860980576
TCGA-OL-A5D7-01A-11R-A27Q-07	0.12199264198326742	0.08533223335332507
TCGA-OL-A5D8-01A-11R-A27Q-07	0.23690724372376992	0.0872630020341233
TCGA-OL-A5DA-01A-11R-A27Q-07	0.22815998755853117	0.11751590976360682
TCGA-OL-A5RU-01A-11R-A28M-07	0.2731877658310523	0.17240241783212307
TCGA-OL-A5RV-01A-12R-A28M-07	0.2956045645942036	0.14738873908432226
TCGA-OL-A5RW-01A-11R-A28M-07	0.20587698671447485	0.10605539735419489
TCGA-OL-A5RX-01A-11R-A28M-07	0.2595395092657231	0.17664440404927984
TCGA-OL-A5RY-01A-21R-A28M-07	0.2262203521404843	0.2691575632454548
TCGA-OL-A5RZ-01A-11R-A28M-07	0.24244074337776322	0.07190020311597622
TCGA-OL-A5S0-01A-11R-A28M-07	0.14988168875563157	0.21799034097034098
TCGA-OL-A66H-01A-11R-A29R-07	0.2464768358008479	0.14803850275779107
TCGA-OL-A66I-01A-21R-A29R-07	0.11572499140956538	0.23110452786000668
TCGA-OL-A66J-01A-11R-A29R-07	0.23467916084377827	0.20529883387054293
TCGA-OL-A66K-01A-11R-A29R-07	0.26203736002804545	0.17490330412607336
TCGA-OL-A66L-01A-12R-A31O-07	0.22534328071628806	0.1971575247189884
TCGA-OL-A66N-01A-12R-A31O-07	0.27334458741804335	0.19417098268050115
TCGA-OL-A66O-01A-11R-A31O-07	0.2653332198078262	0.07697865818985627
TCGA-OL-A66P-01A-11R-A31O-07	0.18649192716354057	0.20424120827889314
TCGA-OL-A6VO-01A-12R-A33J-07	0.16878368568957403	0.10479106245251335
TCGA-OL-A6VQ-01A-12R-A41B-07	0.25384267189231524	0.22933193995946566
TCGA-OL-A6VR-01A-32R-A33J-07	0.27311174428611207	0.05651406604992215
TCGA-OL-A97C-01A-32R-A41B-07	0.1843211862488755	0.2250258664472634
TCGA-PE-A5DC-01A-12R-A27Q-07	0.24048764128604128	0.12337637801576096
TCGA-PE-A5DD-01A-12R-A27Q-07	0.2525602970313804	0.16325164117190094
TCGA-PE-A5DE-01A-11R-A27Q-07	0.24452503693561056	0.18363066010284346
TCGA-PL-A8LV-01A-21R-A41B-07	0.2159061833318202	0.14760100509623653
TCGA-PL-A8LX-01A-11R-A41B-07	0.20567368338286307	0.05887603479680814
TCGA-PL-A8LY-01A-11R-A41B-07	0.23285855344466644	0.09907543889609827
TCGA-PL-A8LZ-01A-31R-A36F-07	0.13624820209046218	0.2387179503327168
TCGA-S3-A6ZF-01A-32R-A32P-07	0.2605816560446468	0.14030579641800178
TCGA-S3-A6ZG-01A-22R-A32P-07	0.2687042323148908	0.11084897884489497
TCGA-S3-A6ZH-01A-22R-A32P-07	0.2994104203383263	0.07312415931731109
TCGA-S3-AA0Z-01A-11R-A41B-07	0.14730130031594546	0.1402887558655619
TCGA-S3-AA10-01A-21R-A41B-07	0.13772823296824166	0.16997599134339936
TCGA-S3-AA11-01A-31R-A41B-07	0.2583235989555075	0.07796849201853862
TCGA-S3-AA12-01A-11R-A41B-07	0.22011386724205573	0.05739795209604359
TCGA-S3-AA14-01A-11R-A41B-07	0.24582869782912875	0.19007050713795404
TCGA-S3-AA15-01A-11R-A41B-07	0.1008790697048062	0.2729361205256047
TCGA-S3-AA17-01A-11R-A41B-07	0.25785791269164493	0.16143015429479335
TCGA-UL-AAZ6-01A-11R-A41B-07	0.25676233362684897	0.046799098925222715
TCGA-UU-A93S-01A-21R-A41B-07	0.2481219420333548	0.04074155297963322
TCGA-V7-A7HQ-01A-11R-A33J-07	0.24734130936902554	0.10605169288627325
TCGA-W8-A86G-01A-21R-A36F-07	0.2670369712321441	0.143052659381954
TCGA-WT-AB41-01A-11R-A41B-07	0.21591096182893066	0.13739704820587062
TCGA-WT-AB44-01A-11R-A41B-07	0.23121170957684678	0.1822518571423808
TCGA-XX-A899-01A-11R-A36F-07	0.21221674915366295	0.26339637473360245
TCGA-XX-A89A-01A-11R-A36F-07	0.21070066234314044	0.2793133620528383
TCGA-Z7-A8R5-01A-42R-A41B-07	0.23706363090193272	0.18845869314521557
TCGA-Z7-A8R6-01A-11R-A41B-07	0.2485785057118245	0.09638006803625787
